mc	mn	quarterbeats	quarterbeats_all_endings	duration_qb	mc_onset	mn_onset	timesig	staff	voice	duration	gracenote	nominal_duration	scalar	tied	tpc	midi	name	octave	chord_id
1	0	0	0	0.5	0	3/8	2/4	2	1	1/8		1/8	1		0	36	C2	2	1
1	0	0	0	0.5	0	3/8	2/4	2	1	1/8		1/8	1		4	52	E3	3	1
1	0	0	0	0.5	0	3/8	2/4	1	1	1/8		1/8	1		0	60	C4	4	0
1	0	0	0	0.5	0	3/8	2/4	1	1	1/8		1/8	1		4	64	E4	4	0
1	0	0	0	0.5	0	3/8	2/4	1	1	1/8		1/8	1		3	69	A4	4	0
1	0	0	0	0.5	0	3/8	2/4	1	1	1/8		1/8	1		0	72	C5	5	0
2	1	1/2	1/2	0.5	0	0	2/4	2	1	1/8		1/8	1		-5	37	Db2	2	6
2	1	1/2	1/2	0.5	0	0	2/4	2	1	1/8		1/8	1		-1	53	F3	3	6
2	1	1/2	1/2	0.5	0	0	2/4	1	1	1/8		1/8	1		5	59	B3	3	2
2	1	1/2	1/2	0.5	0	0	2/4	1	1	1/8		1/8	1		-1	65	F4	4	2
2	1	1/2	1/2	0.5	0	0	2/4	1	1	1/8		1/8	1		8	68	G#4	4	2
2	1	1/2	1/2	0.5	0	0	2/4	1	1	1/8		1/8	1		5	71	B4	4	2
2	1	1	1	0.5	1/8	1/8	2/4	2	1	1/8		1/8	1		-1	41	F2	2	7
2	1	1	1	0.5	1/8	1/8	2/4	2	1	1/8		1/8	1		4	52	E3	3	7
2	1	1	1	0.5	1/8	1/8	2/4	1	1	1/8		1/8	1		0	60	C4	4	3
2	1	1	1	0.5	1/8	1/8	2/4	1	1	1/8		1/8	1		4	64	E4	4	3
2	1	1	1	0.5	1/8	1/8	2/4	1	1	1/8		1/8	1		3	69	A4	4	3
2	1	1	1	0.5	1/8	1/8	2/4	1	1	1/8		1/8	1		0	72	C5	5	3
2	1	3/2	3/2	0.5	1/4	1/4	2/4	2	1	1/8		1/8	1		1	43	G2	2	8
2	1	3/2	3/2	0.5	1/4	1/4	2/4	2	1	1/8		1/8	1		2	50	D3	3	8
2	1	3/2	3/2	0.5	1/4	1/4	2/4	1	1	1/8		1/8	1		5	59	B3	3	4
2	1	3/2	3/2	0.5	1/4	1/4	2/4	1	1	1/8		1/8	1		2	62	D4	4	4
2	1	3/2	3/2	0.5	1/4	1/4	2/4	1	1	1/8		1/8	1		1	67	G4	4	4
2	1	3/2	3/2	0.5	1/4	1/4	2/4	1	1	1/8		1/8	1		5	71	B4	4	4
2	1	2	2	0.5	3/8	3/8	2/4	2	1	1/8		1/8	1		0	36	C2	2	9
2	1	2	2	0.5	3/8	3/8	2/4	2	1	1/8		1/8	1		4	52	E3	3	9
2	1	2	2	0.5	3/8	3/8	2/4	1	1	1/8		1/8	1		0	60	C4	4	5
2	1	2	2	0.5	3/8	3/8	2/4	1	1	1/8		1/8	1		4	64	E4	4	5
2	1	2	2	0.5	3/8	3/8	2/4	1	1	1/8		1/8	1		3	69	A4	4	5
2	1	2	2	0.5	3/8	3/8	2/4	1	1	1/8		1/8	1		0	72	C5	5	5
3	2	5/2	5/2	0.5	0	0	2/4	2	1	1/8		1/8	1		-5	37	Db2	2	15
3	2	5/2	5/2	0.5	0	0	2/4	2	1	1/8		1/8	1		-1	53	F3	3	15
3	2	5/2	5/2	0.375	0	0	2/4	1	1	3/32		1/16	3/2		-3	63	Eb4	4	10
3	2	5/2	5/2	0.375	0	0	2/4	1	1	3/32		1/16	3/2		-4	68	Ab4	4	10
3	2	5/2	5/2	0.375	0	0	2/4	1	1	3/32		1/16	3/2		5	71	B4	4	10
3	2	5/2	5/2	0.375	0	0	2/4	1	1	3/32		1/16	3/2		-3	75	Eb5	5	10
3	2	23/8	23/8	0.125	3/32	3/32	2/4	1	1	1/32		1/32	1		-5	61	Db4	4	11
3	2	23/8	23/8	0.125	3/32	3/32	2/4	1	1	1/32		1/32	1		-5	73	Db5	5	11
3	2	3	3	0.5	1/8	1/8	2/4	2	1	1/8		1/8	1		-1	41	F2	2	16
3	2	3	3	0.5	1/8	1/8	2/4	2	1	1/8		1/8	1		4	52	E3	3	16
3	2	3	3	0.5	1/8	1/8	2/4	1	1	1/8		1/8	1		0	60	C4	4	12
3	2	3	3	0.5	1/8	1/8	2/4	1	1	1/8		1/8	1		4	64	E4	4	12
3	2	3	3	0.5	1/8	1/8	2/4	1	1	1/8		1/8	1		3	69	A4	4	12
3	2	3	3	0.5	1/8	1/8	2/4	1	1	1/8		1/8	1		0	72	C5	5	12
3	2	7/2	7/2	0.5	1/4	1/4	2/4	2	1	1/8		1/8	1		1	43	G2	2	17
3	2	7/2	7/2	0.5	1/4	1/4	2/4	2	1	1/8		1/8	1		2	50	D3	3	17
3	2	7/2	7/2	0.5	1/4	1/4	2/4	1	1	1/8		1/8	1		5	59	B3	3	13
3	2	7/2	7/2	0.5	1/4	1/4	2/4	1	1	1/8		1/8	1		2	62	D4	4	13
3	2	7/2	7/2	0.5	1/4	1/4	2/4	1	1	1/8		1/8	1		1	67	G4	4	13
3	2	7/2	7/2	0.5	1/4	1/4	2/4	1	1	1/8		1/8	1		5	71	B4	4	13
3	2	4	4	0.5	3/8	3/8	2/4	2	1	1/8		1/8	1		0	36	C2	2	18
3	2	4	4	0.5	3/8	3/8	2/4	2	1	1/8		1/8	1		4	52	E3	3	18
3	2	4	4	0.5	3/8	3/8	2/4	1	1	1/8		1/8	1		0	60	C4	4	14
3	2	4	4	0.5	3/8	3/8	2/4	1	1	1/8		1/8	1		4	64	E4	4	14
3	2	4	4	0.5	3/8	3/8	2/4	1	1	1/8		1/8	1		3	69	A4	4	14
3	2	4	4	0.5	3/8	3/8	2/4	1	1	1/8		1/8	1		0	72	C5	5	14
4	3	9/2	9/2	0.5	0	0	2/4	2	1	1/8		1/8	1		-5	37	Db2	2	30
4	3	9/2	9/2	0.5	0	0	2/4	2	1	1/8		1/8	1		-1	53	F3	3	30
4	3	9/2	9/2	0.5	0	0	2/4	1	1	1/8		1/8	1	1	1	67	G4	4	19
4	3	9/2	9/2	0.5	0	0	2/4	1	2	1/8		1/8	1		5	71	B4	4	28
4	3	9/2	9/2	0.5	0	0	2/4	1	2	1/8		1/8	1		-3	75	Eb5	5	28
4	3	9/2	9/2	0.5	0	0	2/4	1	1	1/8		1/8	1	1	1	79	G5	5	19
4	3	5	5	0.25	1/8	1/8	2/4	2	1	1/16		1/16	1		-3	39	Eb2	2	31
4	3	5	5	0.25	1/8	1/8	2/4	2	1	1/16		1/16	1		1	55	G3	3	31
4	3	5	5	0.16666666666666666	1/8	1/8	2/4	1	1	1/24		1/16	2/3	-1	1	67	G4	4	20
4	3	5	5	0.5	1/8	1/8	2/4	1	2	1/8		1/8	1		-2	70	Bb4	4	29
4	3	5	5	0.5	1/8	1/8	2/4	1	2	1/8		1/8	1		-5	73	Db5	5	29
4	3	5	5	0.16666666666666666	1/8	1/8	2/4	1	1	1/24		1/16	2/3	-1	1	79	G5	5	20
4	3	31/6	31/6	0.16666666666666666	1/6	1/6	2/4	1	1	1/24		1/16	2/3		-1	65	F4	4	21
4	3	31/6	31/6	0.16666666666666666	1/6	1/6	2/4	1	1	1/24		1/16	2/3		-1	77	F5	5	21
4	3	21/4	21/4	0.25	3/16	3/16	2/4	2	1	1/16		1/16	1		4	40	E2	2	32
4	3	21/4	21/4	0.25	3/16	3/16	2/4	2	1	1/16		1/16	1		8	56	G#3	3	32
4	3	16/3	16/3	0.16666666666666666	5/24	5/24	2/4	1	1	1/24		1/16	2/3		4	64	E4	4	22
4	3	16/3	16/3	0.16666666666666666	5/24	5/24	2/4	1	1	1/24		1/16	2/3		4	76	E5	5	22
4	3	11/2	11/2	0.16666666666666666	1/4	1/4	2/4	2	1	1/24		1/16	2/3		-1	41	F2	2	33
4	3	11/2	11/2	0.16666666666666666	1/4	1/4	2/4	2	1	1/24		1/16	2/3		0	48	C3	3	33
4	3	11/2	11/2	0.16666666666666666	1/4	1/4	2/4	2	1	1/24		1/16	2/3		3	57	A3	3	33
4	3	11/2	11/2	0.16666666666666666	1/4	1/4	2/4	1	1	1/24		1/16	2/3		4	64	E4	4	23
4	3	11/2	11/2	0.16666666666666666	1/4	1/4	2/4	1	1	1/24		1/16	2/3		3	69	A4	4	23
4	3	11/2	11/2	0.16666666666666666	1/4	1/4	2/4	1	1	1/24		1/16	2/3		0	72	C5	5	23
4	3	11/2	11/2	0.16666666666666666	1/4	1/4	2/4	1	1	1/24		1/16	2/3		4	76	E5	5	23
4	3	17/3	17/3	0.16666666666666666	7/24	7/24	2/4	2	1	1/24		1/16	2/3		5	59	B3	3	34
4	3	17/3	17/3	0.16666666666666666	7/24	7/24	2/4	1	1	1/24		1/16	2/3		2	74	D5	5	24
4	3	35/6	35/6	0.16666666666666666	1/3	1/3	2/4	2	1	1/24		1/16	2/3		0	60	C4	4	35
4	3	35/6	35/6	0.16666666666666666	1/3	1/3	2/4	1	1	1/24		1/16	2/3		0	72	C5	5	25
4	3	6	6	0.5	3/8	3/8	2/4	2	1	1/8		1/8	1		2	62	D4	4	36
4	3	6	6	0.5	3/8	3/8	2/4	2	1	1/8		1/8	1		-1	65	F4	4	36
4	3	6	6	0.5	3/8	3/8	2/4	2	1	1/8		1/8	1		3	69	A4	4	36
4	3	6	6	0.16666666666666666	3/8	3/8	2/4	1	1	1/24		1/16	2/3		5	71	B4	4	26
4	3	19/3	19/3	0.16666666666666666	11/24	11/24	2/4	1	1	1/24		1/16	2/3		4	64	E4	4	27
4	3	19/3	19/3	0.16666666666666666	11/24	11/24	2/4	1	1	1/24		1/16	2/3		1	67	G4	4	27
4	3	19/3	19/3	0.16666666666666666	11/24	11/24	2/4	1	1	1/24		1/16	2/3		3	69	A4	4	27
5	4	13/2	13/2	0.5	0	0	2/4	2	1	1/8		1/8	1		1	43	G2	2	39
5	4	13/2	13/2	0.5	0	0	2/4	2	1	1/8		1/8	1		-1	53	F3	3	39
5	4	13/2	13/2	0.5	0	0	2/4	2	1	1/8		1/8	1		3	57	A3	3	39
5	4	13/2	13/2	0.5	0	0	2/4	1	1	1/8		1/8	1		2	62	D4	4	37
5	4	13/2	13/2	0.5	0	0	2/4	1	1	1/8		1/8	1		-1	65	F4	4	37
5	4	13/2	13/2	0.5	0	0	2/4	1	1	1/8		1/8	1		5	71	B4	4	37
5	4	7	7	1.0	1/8	1/8	2/4	2	1	1/4		1/4	1		0	48	C3	3	40
5	4	7	7	1.0	1/8	1/8	2/4	2	1	1/4		1/4	1		4	52	E3	3	40
5	4	7	7	1.0	1/8	1/8	2/4	2	1	1/4		1/4	1		1	55	G3	3	40
5	4	7	7	1.0	1/8	1/8	2/4	1	1	1/4		1/4	1		0	60	C4	4	38
5	4	7	7	1.0	1/8	1/8	2/4	1	1	1/4		1/4	1		4	64	E4	4	38
5	4	7	7	1.0	1/8	1/8	2/4	1	1	1/4		1/4	1		0	72	C5	5	38
5	4	8	8	0.5	3/8	3/8	2/4	2	1	1/8		1/8	1		1	43	G2	2	41
6	5	17/2	17/2	1.0	0	0	2/4	2	1	1/4		1/4	1		0	36	C2	2	46
6	5	17/2	17/2	1.0	0	0	2/4	2	1	1/4		1/4	1		0	48	C3	3	46
6	5	17/2	17/2	0.5	0	0	2/4	1	1	1/8		1/8	1		4	52	E3	3	42
6	5	17/2	17/2	0.5	0	0	2/4	1	1	1/8		1/8	1		0	60	C4	4	42
6	5	9	9	0.5	1/8	1/8	2/4	1	1	1/8		1/8	1		1	55	G3	3	43
6	5	9	9	0.5	1/8	1/8	2/4	1	1	1/8		1/8	1		4	64	E4	4	43
6	5	19/2	19/2	1.0	1/4	1/4	2/4	2	1	1/4		1/4	1		2	26	D1	1	47
6	5	19/2	19/2	1.0	1/4	1/4	2/4	2	1	1/4		1/4	1		2	38	D2	2	47
6	5	19/2	19/2	0.5	1/4	1/4	2/4	1	1	1/8		1/8	1		1	55	G3	3	44
6	5	19/2	19/2	0.5	1/4	1/4	2/4	1	1	1/8		1/8	1		3	57	A3	3	44
6	5	19/2	19/2	0.5	1/4	1/4	2/4	1	1	1/8		1/8	1		0	60	C4	4	44
6	5	19/2	19/2	0.5	1/4	1/4	2/4	1	1	1/8		1/8	1		4	64	E4	4	44
6	5	10	10	0.5	3/8	3/8	2/4	1	1	1/8		1/8	1		-1	53	F3	3	45
6	5	10	10	0.5	3/8	3/8	2/4	1	1	1/8		1/8	1		2	62	D4	4	45
7	6	21/2	21/2	1.0	0	0	2/4	2	1	1/4		1/4	1		1	31	G1	1	52
7	6	21/2	21/2	1.0	0	0	2/4	2	1	1/4		1/4	1		1	43	G2	2	52
7	6	21/2	21/2	0.75	0	0	2/4	1	1	3/16		1/8	3/2		3	57	A3	3	48
7	6	21/2	21/2	0.75	0	0	2/4	1	1	3/16		1/8	3/2		5	59	B3	3	48
7	6	21/2	21/2	0.75	0	0	2/4	1	1	3/16		1/8	3/2		2	62	D4	4	48
7	6	21/2	21/2	0.75	0	0	2/4	1	1	3/16		1/8	3/2		-1	65	F4	4	48
7	6	45/4	45/4	0.25	3/16	3/16	2/4	1	1	1/16		1/16	1		5	59	B3	3	49
7	6	45/4	45/4	0.25	3/16	3/16	2/4	1	1	1/16		1/16	1		1	67	G4	4	49
7	6	23/2	23/2	1.0	1/4	1/4	2/4	2	1	1/4		1/4	1		0	24	C1	1	53
7	6	23/2	23/2	1.0	1/4	1/4	2/4	2	1	1/4		1/4	1		0	36	C2	2	53
7	6	23/2	23/2	0.5	1/4	1/4	2/4	1	1	1/8		1/8	1		3	57	A3	3	50
7	6	23/2	23/2	0.5	1/4	1/4	2/4	1	1	1/8		1/8	1		0	60	C4	4	50
7	6	23/2	23/2	0.5	1/4	1/4	2/4	1	1	1/8		1/8	1		-1	65	F4	4	50
7	6	12	12	0.5	3/8	3/8	2/4	1	1	1/8		1/8	1		1	55	G3	3	51
7	6	12	12	0.5	3/8	3/8	2/4	1	1	1/8		1/8	1		4	64	E4	4	51
8	7	25/2	25/2	1.0	0	0	2/4	2	1	1/4		1/4	1		-1	29	F1	1	62
8	7	25/2	25/2	1.0	0	0	2/4	2	1	1/4		1/4	1		-1	41	F2	2	62
8	7	25/2	25/2	1.0	0	0	2/4	1	2	1/4		1/4	1		0	60	C4	4	59
8	7	25/2	25/2	0.75	0	0	2/4	1	1	3/16		1/8	3/2		4	64	E4	4	54
8	7	25/2	25/2	0.75	0	0	2/4	1	1	3/16		1/8	3/2		3	69	A4	4	54
8	7	53/4	53/4	0.25	3/16	3/16	2/4	1	1	1/16		1/16	1	1	-1	65	F4	4	55
8	7	53/4	53/4	0.25	3/16	3/16	2/4	1	1	1/16		1/16	1		5	71	B4	4	55
8	7	27/2	27/2	1.0	1/4	1/4	2/4	2	1	1/4		1/4	1		1	31	G1	1	63
8	7	27/2	27/2	1.0	1/4	1/4	2/4	2	1	1/4		1/4	1		1	43	G2	2	63
8	7	27/2	27/2	1.0	1/4	1/4	2/4	1	2	1/4		1/4	1	1	5	59	B3	3	60
8	7	27/2	27/2	0.5	1/4	1/4	2/4	1	1	1/8		1/8	1		4	64	E4	4	56
8	7	27/2	27/2	0.5	1/4	1/4	2/4	1	1	1/8		1/8	1	-1	-1	65	F4	4	56
8	7	27/2	27/2	0.5	1/4	1/4	2/4	1	1	1/8		1/8	1		3	69	A4	4	56
8	7	14	14	0.5	3/8	3/8	2/4	1	3	1/8		1/8	1	1	2	62	D4	4	61
8	7	14	14	0.25	3/8	3/8	2/4	1	1	1/16		1/16	1		1	67	G4	4	57
8	7	57/4	57/4	0.25	7/16	7/16	2/4	1	1	1/16		1/16	1		-1	65	F4	4	58
9	8	29/2	29/2	1.0	0	0	2/4	2	1	1/4		1/4	1		0	36	C2	2	72
9	8	29/2	29/2	1.0	0	0	2/4	2	1	1/4		1/4	1		0	48	C3	3	72
9	8	29/2	29/2	0.75	0	0	2/4	1	2	3/16		1/8	3/2	-1	5	59	B3	3	68
9	8	29/2	29/2	0.75	0	0	2/4	1	2	3/16		1/8	3/2	-1	2	62	D4	4	68
9	8	29/2	29/2	0.25	0	0	2/4	1	1	1/16		1/16	1		4	64	E4	4	64
9	8	59/4	59/4	0.25	1/16	1/16	2/4	1	1	1/16		1/16	1		-1	65	F4	4	65
9	8	15	15	1.0	1/8	1/8	2/4	1	1	1/4		1/4	1		1	67	G4	4	66
9	8	61/4	61/4	0.25	3/16	3/16	2/4	1	2	1/16		1/16	1		0	60	C4	4	69
9	8	61/4	61/4	0.25	3/16	3/16	2/4	1	2	1/16		1/16	1		4	64	E4	4	69
9	8	31/2	31/2	1.0	1/4	1/4	2/4	2	1	1/4		1/4	1		-1	29	F1	1	73
9	8	31/2	31/2	1.0	1/4	1/4	2/4	2	1	1/4		1/4	1		-1	41	F2	2	73
9	8	31/2	31/2	0.5	1/4	1/4	2/4	1	2	1/8		1/8	1		5	59	B3	3	70
9	8	31/2	31/2	0.5	1/4	1/4	2/4	1	2	1/8		1/8	1		2	62	D4	4	70
9	8	16	16	0.5	3/8	3/8	2/4	1	2	1/8		1/8	1	1	3	57	A3	3	71
9	8	16	16	0.5	3/8	3/8	2/4	1	2	1/8		1/8	1	1	0	60	C4	4	71
9	8	16	16	0.5	3/8	3/8	2/4	1	1	1/8		1/8	1		3	69	A4	4	67
10	9	33/2	33/2	1.0	0	0	2/4	2	1	1/4		1/4	1		5	35	B1	1	82
10	9	33/2	33/2	1.0	0	0	2/4	2	1	1/4		1/4	1		5	47	B2	2	82
10	9	33/2	33/2	0.75	0	0	2/4	1	2	3/16		1/8	3/2	-1	3	57	A3	3	78
10	9	33/2	33/2	0.75	0	0	2/4	1	2	3/16		1/8	3/2	-1	0	60	C4	4	78
10	9	33/2	33/2	0.25	0	0	2/4	1	1	1/16		1/16	1		2	62	D4	4	74
10	9	67/4	67/4	0.25	1/16	1/16	2/4	1	1	1/16		1/16	1		4	64	E4	4	75
10	9	17	17	1.0	1/8	1/8	2/4	1	1	1/4		1/4	1		-1	65	F4	4	76
10	9	69/4	69/4	0.25	3/16	3/16	2/4	1	2	1/16		1/16	1		5	59	B3	3	79
10	9	69/4	69/4	0.25	3/16	3/16	2/4	1	2	1/16		1/16	1		2	62	D4	4	79
10	9	35/2	35/2	1.0	1/4	1/4	2/4	2	1	1/4		1/4	1		4	28	E1	1	83
10	9	35/2	35/2	1.0	1/4	1/4	2/4	2	1	1/4		1/4	1		4	40	E2	2	83
10	9	35/2	35/2	0.5	1/4	1/4	2/4	1	2	1/8		1/8	1		3	57	A3	3	80
10	9	35/2	35/2	0.5	1/4	1/4	2/4	1	2	1/8		1/8	1		0	60	C4	4	80
10	9	18	18	0.5	3/8	3/8	2/4	1	2	1/8		1/8	1		1	55	G3	3	81
10	9	18	18	0.5	3/8	3/8	2/4	1	2	1/8		1/8	1		5	59	B3	3	81
10	9	18	18	0.5	3/8	3/8	2/4	1	1	1/8		1/8	1		1	67	G4	4	77
11	10	37/2	37/2	1.0	0	0	2/4	2	1	1/4		1/4	1		3	33	A1	1	96
11	10	37/2	37/2	1.0	0	0	2/4	2	1	1/4		1/4	1		3	45	A2	2	96
11	10	37/2	37/2	0.5	0	0	2/4	1	2	1/8		1/8	1		1	55	G3	3	90
11	10	37/2	37/2	0.5	0	0	2/4	1	2	1/8		1/8	1		5	59	B3	3	90
11	10	37/2	37/2	0.25	0	0	2/4	1	1	1/16		1/16	1		0	60	C4	4	84
11	10	75/4	75/4	0.25	1/16	1/16	2/4	1	1	1/16		1/16	1		2	62	D4	4	85
11	10	19	19	0.25	1/8	1/8	2/4	1	2	1/16		1/16	1		-1	53	F3	3	91
11	10	19	19	0.25	1/8	1/8	2/4	1	2	1/16		1/16	1		3	57	A3	3	91
11	10	19	19	0.5	1/8	1/8	2/4	1	1	1/8		1/8	1		4	64	E4	4	86
11	10	77/4	77/4	0.25	3/16	3/16	2/4	1	2	1/16		1/16	1		4	52	E3	3	92
11	10	77/4	77/4	0.25	3/16	3/16	2/4	1	2	1/16		1/16	1		1	55	G3	3	92
11	10	39/2	39/2	1.0	1/4	1/4	2/4	2	1	1/4		1/4	1		2	26	D1	1	97
11	10	39/2	39/2	1.0	1/4	1/4	2/4	2	1	1/4		1/4	1		2	38	D2	2	97
11	10	39/2	39/2	0.5	1/4	1/4	2/4	1	2	1/8		1/8	1		0	60	C4	4	93
11	10	39/2	39/2	0.5	1/4	1/4	2/4	1	2	1/8		1/8	1		4	64	E4	4	93
11	10	39/2	39/2	0.25	1/4	1/4	2/4	1	1	1/16		1/16	1		-1	65	F4	4	87
11	10	79/4	79/4	0.25	5/16	5/16	2/4	1	1	1/16		1/16	1		1	67	G4	4	88
11	10	20	20	0.25	3/8	3/8	2/4	1	2	1/16		1/16	1		5	59	B3	3	94
11	10	20	20	0.25	3/8	3/8	2/4	1	2	1/16		1/16	1		2	62	D4	4	94
11	10	20	20	0.5	3/8	3/8	2/4	1	1	1/8		1/8	1		3	69	A4	4	89
11	10	81/4	81/4	0.25	7/16	7/16	2/4	1	2	1/16		1/16	1		3	57	A3	3	95
11	10	81/4	81/4	0.25	7/16	7/16	2/4	1	2	1/16		1/16	1		0	60	C4	4	95
12	11	41/2	41/2	0.75	0	0	2/4	1	1	3/16		1/8	3/2		4	64	E4	4	98
12	11	41/2	41/2	0.75	0	0	2/4	1	1	3/16		1/8	3/2		-1	65	F4	4	98
12	11	41/2	41/2	0.75	0	0	2/4	1	1	3/16		1/8	3/2		3	69	A4	4	98
12	11	41/2	41/2	0.75	0	0	2/4	1	1	3/16		1/8	3/2		0	72	C5	5	98
12	11	21	21	1.0	1/8	1/8	2/4	2	1	1/4		1/4	1		1	31	G1	1	102
12	11	21	21	1.0	1/8	1/8	2/4	2	1	1/4		1/4	1		1	43	G2	2	102
12	11	85/4	85/4	0.25	3/16	3/16	2/4	1	1	1/16		1/16	1		-1	65	F4	4	99
12	11	85/4	85/4	0.25	3/16	3/16	2/4	1	1	1/16		1/16	1		5	71	B4	4	99
12	11	85/4	85/4	0.25	3/16	3/16	2/4	1	1	1/16		1/16	1		2	74	D5	5	99
12	11	43/2	43/2	0.5	1/4	1/4	2/4	1	1	1/8		1/8	1		4	64	E4	4	100
12	11	43/2	43/2	0.5	1/4	1/4	2/4	1	1	1/8		1/8	1		3	69	A4	4	100
12	11	43/2	43/2	0.5	1/4	1/4	2/4	1	1	1/8		1/8	1		0	72	C5	5	100
12	11	22	22	0.5	3/8	3/8	2/4	2	1	1/8		1/8	1		1	43	G2	2	103
12	11	22	22	0.5	3/8	3/8	2/4	2	1	1/8		1/8	1		1	55	G3	3	103
12	11	22	22	0.5	3/8	3/8	2/4	1	1	1/8		1/8	1		2	62	D4	4	101
12	11	22	22	0.5	3/8	3/8	2/4	1	1	1/8		1/8	1		1	67	G4	4	101
12	11	22	22	0.5	3/8	3/8	2/4	1	1	1/8		1/8	1		5	71	B4	4	101
13	12	45/2	45/2	1.0	0	0	2/4	2	1	1/4		1/4	1		0	36	C2	2	108
13	12	45/2	45/2	1.0	0	0	2/4	2	1	1/4		1/4	1		0	48	C3	3	108
13	12	45/2	45/2	0.5	0	0	2/4	1	1	1/8		1/8	1		4	52	E3	3	104
13	12	45/2	45/2	0.5	0	0	2/4	1	1	1/8		1/8	1		0	60	C4	4	104
13	12	23	23	0.5	1/8	1/8	2/4	1	1	1/8		1/8	1		1	55	G3	3	105
13	12	23	23	0.5	1/8	1/8	2/4	1	1	1/8		1/8	1		4	64	E4	4	105
13	12	47/2	47/2	1.0	1/4	1/4	2/4	2	1	1/4		1/4	1		2	26	D1	1	109
13	12	47/2	47/2	1.0	1/4	1/4	2/4	2	1	1/4		1/4	1		2	38	D2	2	109
13	12	47/2	47/2	0.5	1/4	1/4	2/4	1	1	1/8		1/8	1		1	55	G3	3	106
13	12	47/2	47/2	0.5	1/4	1/4	2/4	1	1	1/8		1/8	1		3	57	A3	3	106
13	12	47/2	47/2	0.5	1/4	1/4	2/4	1	1	1/8		1/8	1		0	60	C4	4	106
13	12	47/2	47/2	0.5	1/4	1/4	2/4	1	1	1/8		1/8	1		4	64	E4	4	106
13	12	24	24	0.5	3/8	3/8	2/4	1	1	1/8		1/8	1		-1	53	F3	3	107
13	12	24	24	0.5	3/8	3/8	2/4	1	1	1/8		1/8	1		2	62	D4	4	107
14	13	49/2	49/2	1.0	0	0	2/4	2	1	1/4		1/4	1		1	31	G1	1	114
14	13	49/2	49/2	1.0	0	0	2/4	2	1	1/4		1/4	1		1	43	G2	2	114
14	13	49/2	49/2	0.75	0	0	2/4	1	1	3/16		1/8	3/2		3	57	A3	3	110
14	13	49/2	49/2	0.75	0	0	2/4	1	1	3/16		1/8	3/2		5	59	B3	3	110
14	13	49/2	49/2	0.75	0	0	2/4	1	1	3/16		1/8	3/2		2	62	D4	4	110
14	13	49/2	49/2	0.75	0	0	2/4	1	1	3/16		1/8	3/2		-1	65	F4	4	110
14	13	101/4	101/4	0.25	3/16	3/16	2/4	1	1	1/16		1/16	1		5	59	B3	3	111
14	13	101/4	101/4	0.25	3/16	3/16	2/4	1	1	1/16		1/16	1		1	67	G4	4	111
14	13	51/2	51/2	1.0	1/4	1/4	2/4	2	1	1/4		1/4	1		0	24	C1	1	115
14	13	51/2	51/2	1.0	1/4	1/4	2/4	2	1	1/4		1/4	1		0	36	C2	2	115
14	13	51/2	51/2	0.5	1/4	1/4	2/4	1	1	1/8		1/8	1		3	57	A3	3	112
14	13	51/2	51/2	0.5	1/4	1/4	2/4	1	1	1/8		1/8	1		0	60	C4	4	112
14	13	51/2	51/2	0.5	1/4	1/4	2/4	1	1	1/8		1/8	1		-1	65	F4	4	112
14	13	26	26	0.5	3/8	3/8	2/4	1	1	1/8		1/8	1		1	55	G3	3	113
14	13	26	26	0.5	3/8	3/8	2/4	1	1	1/8		1/8	1		4	64	E4	4	113
15	14	53/2	53/2	1.0	0	0	2/4	2	1	1/4		1/4	1		-1	29	F1	1	123
15	14	53/2	53/2	1.0	0	0	2/4	2	1	1/4		1/4	1		-1	41	F2	2	123
15	14	53/2	53/2	0.75	0	0	2/4	1	1	3/16		1/8	3/2		0	60	C4	4	116
15	14	53/2	53/2	1.0	0	0	2/4	1	2	1/4		1/4	1		4	64	E4	4	121
15	14	53/2	53/2	0.75	0	0	2/4	1	1	3/16		1/8	3/2		3	69	A4	4	116
15	14	109/4	109/4	0.25	3/16	3/16	2/4	1	1	1/16		1/16	1		2	62	D4	4	117
15	14	109/4	109/4	0.25	3/16	3/16	2/4	1	1	1/16		1/16	1		5	71	B4	4	117
15	14	55/2	55/2	1.0	1/4	1/4	2/4	2	1	1/4		1/4	1		5	35	B1	1	124
15	14	55/2	55/2	1.0	1/4	1/4	2/4	2	1	1/4		1/4	1		5	47	B2	2	124
15	14	55/2	55/2	0.5	1/4	1/4	2/4	1	1	1/8		1/8	1		0	60	C4	4	118
15	14	55/2	55/2	1.0	1/4	1/4	2/4	1	2	1/4		1/4	1		9	63	D#4	4	122
15	14	55/2	55/2	0.5	1/4	1/4	2/4	1	1	1/8		1/8	1		3	69	A4	4	118
15	14	28	28	0.25	3/8	3/8	2/4	1	1	1/16		1/16	1		5	59	B3	3	119
15	14	28	28	0.25	3/8	3/8	2/4	1	1	1/16		1/16	1		8	68	G#4	4	119
15	14	113/4	113/4	0.25	7/16	7/16	2/4	1	1	1/16		1/16	1		3	57	A3	3	120
15	14	113/4	113/4	0.25	7/16	7/16	2/4	1	1	1/16		1/16	1		6	66	F#4	4	120
16	15	57/2	57/2	1.0	0	0	2/4	2	1	1/4		1/4	1		4	28	E1	1	136
16	15	57/2	57/2	1.0	0	0	2/4	2	1	1/4		1/4	1		4	40	E2	2	136
16	15	57/2	57/2	0.5	0	0	2/4	1	2	1/8		1/8	1		8	56	G#3	3	132
16	15	57/2	57/2	0.5	0	0	2/4	1	2	1/8		1/8	1		4	64	E4	4	132
16	15	57/2	57/2	0.25	0	0	2/4	1	1	1/16		1/16	1		8	68	G#4	4	125
16	15	115/4	115/4	0.25	1/16	1/16	2/4	1	1	1/16		1/16	1		3	69	A4	4	126
16	15	29	29	0.5	1/8	1/8	2/4	1	2	1/8		1/8	1		2	62	D4	4	133
16	15	29	29	0.5	1/8	1/8	2/4	1	2	1/8		1/8	1		6	66	F#4	4	133
16	15	29	29	1.0	1/8	1/8	2/4	1	1	1/4		1/4	1		5	71	B4	4	127
16	15	59/2	59/2	1.0	1/4	1/4	2/4	2	1	1/4		1/4	1		3	33	A1	1	137
16	15	59/2	59/2	1.0	1/4	1/4	2/4	2	1	1/4		1/4	1		3	45	A2	2	137
16	15	59/2	59/2	0.5	1/4	1/4	2/4	1	2	1/8		1/8	1		0	60	C4	4	134
16	15	59/2	59/2	0.5	1/4	1/4	2/4	1	2	1/8		1/8	1		4	64	E4	4	134
16	15	30	30	0.0	3/8	3/8	2/4	1	1	0	grace16	1/16	1		3	69	A4	4	128
16	15	30	30	0.0	3/8	3/8	2/4	1	1	0	grace16	1/16	1		5	71	B4	4	129
16	15	30	30	0.5	3/8	3/8	2/4	1	2	1/8		1/8	1		1	67	G4	4	135
16	15	30	30	0.25	3/8	3/8	2/4	1	1	1/16		1/16	1		3	69	A4	4	130
16	15	121/4	121/4	0.25	7/16	7/16	2/4	1	1	1/16		1/16	1		8	68	G#4	4	131
17	16	61/2	61/2	1.0	0	0	2/4	2	1	1/4		1/4	1		2	26	D1	1	148
17	16	61/2	61/2	1.0	0	0	2/4	2	1	1/4		1/4	1		2	38	D2	2	148
17	16	61/2	61/2	0.5	0	0	2/4	1	2	1/8		1/8	1		-1	65	F4	4	144
17	16	61/2	61/2	0.25	0	0	2/4	1	1	1/16		1/16	1		3	69	A4	4	138
17	16	123/4	123/4	0.25	1/16	1/16	2/4	1	1	1/16		1/16	1		5	71	B4	4	139
17	16	31	31	0.5	1/8	1/8	2/4	1	2	1/8		1/8	1		4	64	E4	4	145
17	16	31	31	0.5	1/8	1/8	2/4	1	1	1/8		1/8	1		0	72	C5	5	140
17	16	63/2	63/2	1.0	1/4	1/4	2/4	2	1	1/4		1/4	1		1	31	G1	1	149
17	16	63/2	63/2	1.0	1/4	1/4	2/4	2	1	1/4		1/4	1		1	43	G2	2	149
17	16	63/2	63/2	0.5	1/4	1/4	2/4	1	2	1/8		1/8	1		2	62	D4	4	146
17	16	63/2	63/2	0.25	1/4	1/4	2/4	1	1	1/16		1/16	1		5	71	B4	4	141
17	16	127/4	127/4	0.25	5/16	5/16	2/4	1	1	1/16		1/16	1		0	72	C5	5	142
17	16	32	32	0.5	3/8	3/8	2/4	1	2	1/8		1/8	1		-1	65	F4	4	147
17	16	32	32	0.5	3/8	3/8	2/4	1	2	1/8		1/8	1		3	69	A4	4	147
17	16	32	32	0.5	3/8	3/8	2/4	1	1	1/8		1/8	1		2	74	D5	5	143
18	17	65/2	65/2	1.0	0	0	2/4	2	1	1/4		1/4	1		0	24	C1	1	162
18	17	65/2	65/2	1.0	0	0	2/4	2	1	1/4		1/4	1		0	36	C2	2	162
18	17	65/2	65/2	0.5	0	0	2/4	1	2	1/8		1/8	1		4	64	E4	4	157
18	17	65/2	65/2	1.5	0	0	2/4	1	3	3/8		1/4	3/2		8	68	G#4	4	161
18	17	65/2	65/2	0.25	0	0	2/4	1	1	1/16		1/16	1		0	72	C5	5	150
18	17	131/4	131/4	0.25	1/16	1/16	2/4	1	1	1/16		1/16	1		2	74	D5	5	151
18	17	33	33	0.5	1/8	1/8	2/4	1	2	1/8		1/8	1		2	62	D4	4	158
18	17	33	33	1.0	1/8	1/8	2/4	1	1	1/4		1/4	1		4	76	E5	5	152
18	17	67/2	67/2	1.0	1/4	1/4	2/4	2	1	1/4		1/4	1		-1	29	F1	1	163
18	17	67/2	67/2	1.0	1/4	1/4	2/4	2	1	1/4		1/4	1		-1	41	F2	2	163
18	17	67/2	67/2	0.5	1/4	1/4	2/4	1	2	1/8		1/8	1		0	60	C4	4	159
18	17	34	34	0.0	3/8	3/8	2/4	1	1	0	grace16	1/16	1		2	74	D5	5	153
18	17	34	34	0.0	3/8	3/8	2/4	1	1	0	grace16	1/16	1		4	76	E5	5	154
18	17	34	34	0.5	3/8	3/8	2/4	1	2	1/8		1/8	1	1	-1	65	F4	4	160
18	17	34	34	0.5	3/8	3/8	2/4	1	2	1/8		1/8	1	1	3	69	A4	4	160
18	17	34	34	0.25	3/8	3/8	2/4	1	1	1/16		1/16	1		2	74	D5	5	155
18	17	137/4	137/4	0.25	7/16	7/16	2/4	1	1	1/16		1/16	1		0	72	C5	5	156
19	18	69/2	69/2	0.5	0	0	2/4	2	1	1/8		1/8	1		5	23	B0	0	173
19	18	69/2	69/2	0.5	0	0	2/4	2	1	1/8		1/8	1		5	35	B1	1	173
19	18	69/2	69/2	0.5	0	0	2/4	1	2	1/8		1/8	1	-1	-1	65	F4	4	170
19	18	69/2	69/2	0.5	0	0	2/4	1	2	1/8		1/8	1	-1	3	69	A4	4	170
19	18	69/2	69/2	0.5	0	0	2/4	1	1	1/8		1/8	1		2	74	D5	5	164
19	18	35	35	0.5	1/8	1/8	2/4	2	1	1/8		1/8	1		0	24	C1	1	174
19	18	35	35	0.5	1/8	1/8	2/4	2	1	1/8		1/8	1		0	36	C2	2	174
19	18	35	35	0.5	1/8	1/8	2/4	1	2	1/8		1/8	1		4	64	E4	4	171
19	18	35	35	0.5	1/8	1/8	2/4	1	2	1/8		1/8	1		8	68	G#4	4	171
19	18	35	35	0.25	1/8	1/8	2/4	1	1	1/16		1/16	1		0	72	C5	5	165
19	18	141/4	141/4	0.25	3/16	3/16	2/4	1	1	1/16		1/16	1		5	71	B4	4	166
19	18	71/2	71/2	1.0	1/4	1/4	2/4	2	1	1/4		1/4	1		2	26	D1	1	175
19	18	71/2	71/2	1.0	1/4	1/4	2/4	2	1	1/4		1/4	1		2	38	D2	2	175
19	18	71/2	71/2	1.0	1/4	1/4	2/4	1	2	1/4		1/4	1	1	2	62	D4	4	172
19	18	71/2	71/2	1.0	1/4	1/4	2/4	1	2	1/4		1/4	1		6	66	F#4	4	172
19	18	71/2	71/2	0.25	1/4	1/4	2/4	1	1	1/16		1/16	1		0	72	C5	5	167
19	18	143/4	143/4	0.25	5/16	5/16	2/4	1	1	1/16		1/16	1		5	71	B4	4	168
19	18	36	36	0.5	3/8	3/8	2/4	1	1	1/8		1/8	1		3	69	A4	4	169
20	19	73/2	73/2	0.0	0	0	2/4	1	1	0	acciaccatura	1/8	1		0	72	C5	5	176
20	19	73/2	73/2	0.5	0	0	2/4	1	1	1/8		1/8	1	-1	2	62	D4	4	177
20	19	73/2	73/2	0.5	0	0	2/4	1	1	1/8		1/8	1		8	68	G#4	4	177
20	19	73/2	73/2	0.5	0	0	2/4	1	1	1/8		1/8	1		5	71	B4	4	177
20	19	37	37	0.5	1/8	1/8	2/4	2	1	1/8		1/8	1		4	28	E1	1	180
20	19	37	37	0.5	1/8	1/8	2/4	2	1	1/8		1/8	1		4	40	E2	2	180
20	19	37	37	1.0	1/8	1/8	2/4	1	1	1/4		1/4	1		0	60	C4	4	178
20	19	37	37	1.0	1/8	1/8	2/4	1	1	1/4		1/4	1		3	69	A4	4	178
20	19	75/2	75/2	0.5	1/4	1/4	2/4	2	1	1/8		1/8	1		3	21	A0	0	181
20	19	75/2	75/2	0.5	1/4	1/4	2/4	2	1	1/8		1/8	1		3	33	A1	1	181
20	19	153/4	153/4	0.25	7/16	7/16	2/4	2	1	1/16		1/16	1		4	40	E2	2	182
20	19	153/4	153/4	0.25	7/16	7/16	2/4	2	1	1/16		1/16	1		4	52	E3	3	182
20	19	153/4	153/4	0.25	7/16	7/16	2/4	1	1	1/16		1/16	1		5	59	B3	3	179
20	19	153/4	153/4	0.25	7/16	7/16	2/4	1	1	1/16		1/16	1		2	62	D4	4	179
20	19	153/4	153/4	0.25	7/16	7/16	2/4	1	1	1/16		1/16	1		3	69	A4	4	179
21	20	77/2	77/2	0.5	0	0	2/4	2	1	1/8		1/8	1		3	33	A1	1	189
21	20	77/2	77/2	0.5	0	0	2/4	2	1	1/8		1/8	1		3	45	A2	2	189
21	20	77/2	77/2	0.5	0	0	2/4	1	1	1/8		1/8	1		0	60	C4	4	183
21	20	77/2	77/2	0.5	0	0	2/4	1	1	1/8		1/8	1		4	64	E4	4	183
21	20	77/2	77/2	0.5	0	0	2/4	1	1	1/8		1/8	1		3	69	A4	4	183
21	20	39	39	0.0	1/8	1/8	2/4	1	1	0	grace16	1/16	1		1	67	G4	4	184
21	20	39	39	0.0	1/8	1/8	2/4	1	1	0	grace16	1/16	1		3	69	A4	4	185
21	20	39	39	0.25	1/8	1/8	2/4	2	1	1/16		1/16	1		2	38	D2	2	190
21	20	39	39	0.25	1/8	1/8	2/4	2	1	1/16		1/16	1		2	50	D3	3	190
21	20	39	39	0.5	1/8	1/8	2/4	1	1	1/8		1/8	1		5	59	B3	3	186
21	20	39	39	0.5	1/8	1/8	2/4	1	1	1/8		1/8	1		0	60	C4	4	186
21	20	39	39	0.5	1/8	1/8	2/4	1	1	1/8		1/8	1		1	67	G4	4	186
21	20	157/4	157/4	0.25	3/16	3/16	2/4	2	1	1/16		1/16	1		4	40	E2	2	191
21	20	157/4	157/4	0.25	3/16	3/16	2/4	2	1	1/16		1/16	1		4	52	E3	3	191
21	20	79/2	79/2	0.5	1/4	1/4	2/4	2	1	1/8		1/8	1		-1	41	F2	2	192
21	20	79/2	79/2	0.5	1/4	1/4	2/4	2	1	1/8		1/8	1		-1	53	F3	3	192
21	20	79/2	79/2	0.5	1/4	1/4	2/4	1	1	1/8		1/8	1		3	57	A3	3	187
21	20	79/2	79/2	0.5	1/4	1/4	2/4	1	1	1/8		1/8	1		0	60	C4	4	187
21	20	79/2	79/2	0.5	1/4	1/4	2/4	1	1	1/8		1/8	1		-1	65	F4	4	187
21	20	40	40	0.5	3/8	3/8	2/4	2	1	1/8		1/8	1		3	33	A1	1	193
21	20	40	40	0.5	3/8	3/8	2/4	2	1	1/8		1/8	1		3	45	A2	2	193
21	20	40	40	0.5	3/8	3/8	2/4	1	1	1/8		1/8	1		1	55	G3	3	188
21	20	40	40	0.5	3/8	3/8	2/4	1	1	1/8		1/8	1		3	57	A3	3	188
21	20	40	40	0.5	3/8	3/8	2/4	1	1	1/8		1/8	1		0	60	C4	4	188
21	20	40	40	0.5	3/8	3/8	2/4	1	1	1/8		1/8	1		4	64	E4	4	188
22	21	81/2	81/2	0.25	0	0	2/4	2	1	1/16		1/16	1		0	36	C2	2	199
22	21	81/2	81/2	0.25	0	0	2/4	2	1	1/16		1/16	1		0	48	C3	3	199
22	21	81/2	81/2	0.5	0	0	2/4	1	1	1/8		1/8	1		-1	53	F3	3	194
22	21	81/2	81/2	0.5	0	0	2/4	1	1	1/8		1/8	1		3	57	A3	3	194
22	21	81/2	81/2	0.5	0	0	2/4	1	1	1/8		1/8	1		0	60	C4	4	194
22	21	163/4	163/4	0.25	1/16	1/16	2/4	2	1	1/16		1/16	1		2	38	D2	2	200
22	21	163/4	163/4	0.25	1/16	1/16	2/4	2	1	1/16		1/16	1		2	50	D3	3	200
22	21	41	41	0.5	1/8	1/8	2/4	2	1	1/8		1/8	1		4	40	E2	2	201
22	21	41	41	0.5	1/8	1/8	2/4	1	1	1/8		1/8	1		2	50	D3	3	195
22	21	41	41	0.5	1/8	1/8	2/4	2	1	1/8		1/8	1		4	52	E3	3	201
22	21	41	41	0.5	1/8	1/8	2/4	1	1	1/8		1/8	1		8	56	G#3	3	195
22	21	41	41	0.5	1/8	1/8	2/4	1	1	1/8		1/8	1		5	59	B3	3	195
22	21	83/2	83/2	0.5	1/4	1/4	2/4	2	1	1/8		1/8	1		3	33	A1	1	202
22	21	83/2	83/2	0.5	1/4	1/4	2/4	2	1	1/8		1/8	1		3	45	A2	2	202
22	21	83/2	83/2	0.5	1/4	1/4	2/4	1	1	1/8		1/8	1		0	48	C3	3	196
22	21	83/2	83/2	0.5	1/4	1/4	2/4	1	1	1/8		1/8	1		3	57	A3	3	196
22	21	42	42	0.25	3/8	3/8	2/4	2	1	1/16		1/16	1		3	45	A2	2	203
22	21	42	42	0.25	3/8	3/8	2/4	2	1	1/16		1/16	1		0	48	C3	3	203
22	21	42	42	0.25	3/8	3/8	2/4	1	1	1/16		1/16	1		3	57	A3	3	197
22	21	42	42	0.25	3/8	3/8	2/4	1	1	1/16		1/16	1		0	60	C4	4	197
22	21	169/4	169/4	0.25	7/16	7/16	2/4	2	1	1/16		1/16	1		5	47	B2	2	204
22	21	169/4	169/4	0.25	7/16	7/16	2/4	2	1	1/16		1/16	1		2	50	D3	3	204
22	21	169/4	169/4	0.25	7/16	7/16	2/4	1	1	1/16		1/16	1		5	59	B3	3	198
22	21	169/4	169/4	0.25	7/16	7/16	2/4	1	1	1/16		1/16	1		2	62	D4	4	198
23	22	85/2	85/2	0.5	0	0	2/4	2	1	1/8		1/8	1		0	48	C3	3	212
23	22	85/2	85/2	0.5	0	0	2/4	2	1	1/8		1/8	1		4	52	E3	3	212
23	22	85/2	85/2	0.5	0	0	2/4	1	1	1/8		1/8	1		0	60	C4	4	205
23	22	85/2	85/2	0.5	0	0	2/4	1	1	1/8		1/8	1		4	64	E4	4	205
23	22	43	43	0.5	1/8	1/8	2/4	2	1	1/8		1/8	1		0	48	C3	3	213
23	22	43	43	0.5	1/8	1/8	2/4	2	1	1/8		1/8	1		3	57	A3	3	213
23	22	43	43	0.5	1/8	1/8	2/4	1	1	1/8		1/8	1		0	60	C4	4	206
23	22	43	43	0.5	1/8	1/8	2/4	1	1	1/8		1/8	1	1	4	64	E4	4	206
23	22	43	43	0.5	1/8	1/8	2/4	1	1	1/8		1/8	1		3	69	A4	4	206
23	22	87/2	87/2	1.0	1/4	1/4	2/4	2	2	1/4		1/4	1		4	52	E3	3	217
23	22	87/2	87/2	0.25	1/4	1/4	2/4	2	1	1/16		1/16	1		8	56	G#3	3	214
23	22	87/2	87/2	0.5	1/4	1/4	2/4	1	2	1/8		1/8	1		5	59	B3	3	210
23	22	87/2	87/2	0.25	1/4	1/4	2/4	1	1	1/16		1/16	1	-1	4	64	E4	4	207
23	22	87/2	87/2	0.25	1/4	1/4	2/4	1	1	1/16		1/16	1		8	68	G#4	4	207
23	22	175/4	175/4	0.25	5/16	5/16	2/4	2	1	1/16		1/16	1		3	57	A3	3	215
23	22	175/4	175/4	0.25	5/16	5/16	2/4	1	1	1/16		1/16	1		3	69	A4	4	208
23	22	44	44	0.5	3/8	3/8	2/4	2	1	1/8		1/8	1		5	59	B3	3	216
23	22	44	44	0.5	3/8	3/8	2/4	1	2	1/8		1/8	1	1	4	64	E4	4	211
23	22	44	44	0.5	3/8	3/8	2/4	1	1	1/8		1/8	1		8	68	G#4	4	209
23	22	44	44	0.5	3/8	3/8	2/4	1	1	1/8		1/8	1		5	71	B4	4	209
24	23	89/2	89/2	1.0	0	0	2/4	2	2	1/4		1/4	1		3	57	A3	3	227
24	23	89/2	89/2	0.25	0	0	2/4	2	1	1/16		1/16	1		0	60	C4	4	224
24	23	89/2	89/2	0.5	0	0	2/4	1	2	1/8		1/8	1	-1	4	64	E4	4	222
24	23	89/2	89/2	0.25	0	0	2/4	1	1	1/16		1/16	1		0	72	C5	5	218
24	23	179/4	179/4	0.25	1/16	1/16	2/4	2	1	1/16		1/16	1		2	62	D4	4	225
24	23	179/4	179/4	0.25	1/16	1/16	2/4	1	1	1/16		1/16	1		2	74	D5	5	219
24	23	45	45	0.5	1/8	1/8	2/4	2	1	1/8		1/8	1		4	64	E4	4	226
24	23	45	45	0.5	1/8	1/8	2/4	1	2	1/8		1/8	1		3	69	A4	4	223
24	23	45	45	0.5	1/8	1/8	2/4	1	2	1/8		1/8	1		0	72	C5	5	223
24	23	45	45	0.5	1/8	1/8	2/4	1	1	1/8		1/8	1	1	4	76	E5	5	220
24	23	91/2	91/2	1.0	1/4	1/4	2/4	1	1	1/4		1/4	1	-1	4	76	E5	5	221
24	23	46	46	0.5	3/8	3/8	2/4	2	2	1/8		1/8	1		4	52	E3	3	228
25	24	93/2	93/2	0.5	0	0	2/4	2	2	1/8		1/8	1		-1	53	F3	3	230
25	24	47	47	0.5	1/8	1/8	2/4	2	2	1/8		1/8	1		4	52	E3	3	231
25	24	95/2	95/2	0.5	1/4	1/4	2/4	2	2	1/8		1/8	1		9	51	D#3	3	232
25	24	48	48	0.5	3/8	3/8	2/4	2	2	1/8		1/8	1		5	47	B2	2	233
25	24	48	48	0.5	3/8	3/8	2/4	2	1	1/8		1/8	1		8	56	G#3	3	229
26	25	97/2	97/2	0.5	0	0	2/4	2	1	1/8		1/8	1		3	57	A3	3	234
26	25	49	49	1.0	1/8	1/8	2/4	2	2	1/4		1/4	1		2	50	D3	3	238
26	25	49	49	0.5	1/8	1/8	2/4	2	1	1/8		1/8	1		8	56	G#3	3	235
26	25	99/2	99/2	0.5	1/4	1/4	2/4	2	1	1/8		1/8	1		1	55	G3	3	236
26	25	50	50	0.5	3/8	3/8	2/4	2	2	1/8		1/8	1		7	49	C#3	3	239
26	25	50	50	0.5	3/8	3/8	2/4	2	1	1/8		1/8	1		9	51	D#3	3	237
27	26	101/2	101/2	0.5	0	0	2/4	2	2	1/8		1/8	1		0	48	C3	3	242
27	26	51	51	0.5	1/8	1/8	2/4	2	2	1/8		1/8	1		8	44	G#2	2	243
27	26	51	51	1.0	1/8	1/8	2/4	2	1	1/4		1/4	1		6	54	F#3	3	240
27	26	103/2	103/2	1.0	1/4	1/4	2/4	2	2	1/4		1/4	1	1	5	47	B2	2	244
27	26	52	52	0.5	3/8	3/8	2/4	2	1	1/8		1/8	1		-1	53	F3	3	241
28	27	105/2	105/2	0.5	0	0	2/4	2	2	1/8		1/8	1	-1	5	47	B2	2	248
28	27	105/2	105/2	0.5	0	0	2/4	2	1	1/8		1/8	1		4	52	E3	3	245
28	27	53	53	0.5	1/8	1/8	2/4	2	2	1/8		1/8	1		-2	46	Bb2	2	249
28	27	53	53	0.5	1/8	1/8	2/4	2	1	1/8		1/8	1		0	48	C3	3	246
28	27	107/2	107/2	0.25	1/4	1/4	2/4	2	2	1/16		1/16	1		3	45	A2	2	250
28	27	54	54	0.5	3/8	3/8	2/4	2	1	1/8		1/8	1		8	44	G#2	2	247
29	28	109/2	109/2	0.5	0	0	2/4	2	1	1/8		1/8	1		3	45	A2	2	252
29	28	55	55	0.5	1/8	1/8	2/4	2	1	1/8		1/8	1		8	44	G#2	2	253
29	28	111/2	111/2	0.5	1/4	1/4	2/4	2	1	1/8		1/8	1		1	43	G2	2	254
29	28	56	56	0.5	3/8	3/8	2/4	2	1	1/8		1/8	1		9	39	D#2	2	255
29	28	56	56	0.5	3/8	3/8	2/4	1	1	1/8		1/8	1		7	49	C#3	3	251
30	29	113/2	113/2	0.5	0	0	2/4	1	1	1/8		1/8	1		2	50	D3	3	256
30	29	57	57	1.0	1/8	1/8	2/4	2	1	1/4		1/4	1		6	42	F#2	2	260
30	29	57	57	0.5	1/8	1/8	2/4	1	1	1/8		1/8	1		7	49	C#3	3	257
30	29	115/2	115/2	0.5	1/4	1/4	2/4	1	1	1/8		1/8	1		0	48	C3	3	258
30	29	58	58	0.5	3/8	3/8	2/4	2	1	1/8		1/8	1		-1	41	F2	2	261
30	29	58	58	0.5	3/8	3/8	2/4	1	1	1/8		1/8	1		8	44	G#2	2	259
31	30	117/2	117/2	0.5	0	0	2/4	2	1	1/8		1/8	1		4	40	E2	2	264
31	30	59	59	0.5	1/8	1/8	2/4	2	1	1/8		1/8	1		0	36	C2	2	265
31	30	59	59	1.0	1/8	1/8	2/4	1	1	1/4		1/4	1		5	47	B2	2	262
31	30	119/2	119/2	1.0	1/4	1/4	2/4	2	1	1/4		1/4	1	1	-3	39	Eb2	2	266
31	30	60	60	0.5	3/8	3/8	2/4	1	1	1/8		1/8	1		-2	46	Bb2	2	263
32	31	121/2	121/2	0.5	0	0	2/4	2	1	1/8		1/8	1	-1	-3	39	Eb2	2	269
32	31	121/2	121/2	0.5	0	0	2/4	1	1	1/8		1/8	1		3	45	A2	2	267
32	31	61	61	0.5	1/8	1/8	2/4	2	1	1/8		1/8	1		2	38	D2	2	270
32	31	123/2	123/2	0.5	1/4	1/4	2/4	2	1	1/8		1/8	1		7	37	C#2	2	271
32	31	249/4	249/4	0.25	7/16	7/16	2/4	2	1	1/16		1/16	1		3	45	A2	2	272
32	31	249/4	249/4	0.25	7/16	7/16	2/4	2	1	1/16		1/16	1		3	57	A3	3	272
32	31	249/4	249/4	0.25	7/16	7/16	2/4	1	1	1/16		1/16	1		4	64	E4	4	268
32	31	249/4	249/4	0.25	7/16	7/16	2/4	1	1	1/16		1/16	1		1	67	G4	4	268
32	31	249/4	249/4	0.25	7/16	7/16	2/4	1	1	1/16		1/16	1		2	74	D5	5	268
33	32	125/2	125/2	0.5	0	0	2/4	2	1	1/8		1/8	1		2	38	D2	2	279
33	32	125/2	125/2	0.5	0	0	2/4	2	1	1/8		1/8	1		2	50	D3	3	279
33	32	125/2	125/2	0.5	0	0	2/4	1	1	1/8		1/8	1		-1	65	F4	4	273
33	32	125/2	125/2	0.5	0	0	2/4	1	1	1/8		1/8	1		3	69	A4	4	273
33	32	125/2	125/2	0.5	0	0	2/4	1	1	1/8		1/8	1		2	74	D5	5	273
33	32	63	63	0.0	1/8	1/8	2/4	1	1	0	grace16	1/16	1		0	72	C5	5	274
33	32	63	63	0.0	1/8	1/8	2/4	1	1	0	grace16	1/16	1		2	74	D5	5	275
33	32	63	63	0.25	1/8	1/8	2/4	2	1	1/16		1/16	1		1	43	G2	2	280
33	32	63	63	0.25	1/8	1/8	2/4	2	1	1/16		1/16	1		1	55	G3	3	280
33	32	63	63	0.5	1/8	1/8	2/4	1	1	1/8		1/8	1		4	64	E4	4	276
33	32	63	63	0.5	1/8	1/8	2/4	1	1	1/8		1/8	1		-1	65	F4	4	276
33	32	63	63	0.5	1/8	1/8	2/4	1	1	1/8		1/8	1		0	72	C5	5	276
33	32	253/4	253/4	0.25	3/16	3/16	2/4	2	1	1/16		1/16	1		3	45	A2	2	281
33	32	253/4	253/4	0.25	3/16	3/16	2/4	2	1	1/16		1/16	1		3	57	A3	3	281
33	32	127/2	127/2	0.5	1/4	1/4	2/4	2	1	1/8		1/8	1		-2	46	Bb2	2	282
33	32	127/2	127/2	0.5	1/4	1/4	2/4	2	1	1/8		1/8	1		-2	58	Bb3	3	282
33	32	127/2	127/2	0.5	1/4	1/4	2/4	1	1	1/8		1/8	1		2	62	D4	4	277
33	32	127/2	127/2	0.5	1/4	1/4	2/4	1	1	1/8		1/8	1		-1	65	F4	4	277
33	32	127/2	127/2	0.5	1/4	1/4	2/4	1	1	1/8		1/8	1		-2	70	Bb4	4	277
33	32	64	64	0.5	3/8	3/8	2/4	2	1	1/8		1/8	1		0	36	C2	2	283
33	32	64	64	0.5	3/8	3/8	2/4	2	1	1/8		1/8	1		0	48	C3	3	283
33	32	64	64	0.5	3/8	3/8	2/4	1	1	1/8		1/8	1		0	60	C4	4	278
33	32	64	64	0.5	3/8	3/8	2/4	1	1	1/8		1/8	1		-1	65	F4	4	278
33	32	64	64	0.5	3/8	3/8	2/4	1	1	1/8		1/8	1		3	69	A4	4	278
34	33	129/2	129/2	0.25	0	0	2/4	2	1	1/16		1/16	1		-1	41	F2	2	290
34	33	129/2	129/2	0.25	0	0	2/4	2	1	1/16		1/16	1		-1	53	F3	3	290
34	33	129/2	129/2	0.5	0	0	2/4	1	1	1/8		1/8	1		-2	58	Bb3	3	284
34	33	129/2	129/2	0.5	0	0	2/4	1	1	1/8		1/8	1		2	62	D4	4	284
34	33	129/2	129/2	0.5	0	0	2/4	1	1	1/8		1/8	1		-1	65	F4	4	284
34	33	259/4	259/4	0.25	1/16	1/16	2/4	2	1	1/16		1/16	1		1	43	G2	2	291
34	33	259/4	259/4	0.25	1/16	1/16	2/4	2	1	1/16		1/16	1		1	55	G3	3	291
34	33	65	65	0.5	1/8	1/8	2/4	2	1	1/8		1/8	1		3	45	A2	2	292
34	33	65	65	0.5	1/8	1/8	2/4	2	1	1/8		1/8	1		3	57	A3	3	292
34	33	65	65	0.5	1/8	1/8	2/4	1	1	1/8		1/8	1		0	60	C4	4	285
34	33	65	65	0.5	1/8	1/8	2/4	1	1	1/8		1/8	1		4	64	E4	4	285
34	33	131/2	131/2	0.5	1/4	1/4	2/4	2	1	1/8		1/8	1		-2	34	Bb1	1	293
34	33	131/2	131/2	0.5	1/4	1/4	2/4	2	1	1/8		1/8	1		-2	46	Bb2	2	293
34	33	131/2	131/2	0.5	1/4	1/4	2/4	1	1	1/8		1/8	1		-1	53	F3	3	286
34	33	131/2	131/2	0.5	1/4	1/4	2/4	1	1	1/8		1/8	1		2	62	D4	4	286
34	33	66	66	0.5	3/8	3/8	2/4	2	1	1/8		1/8	1		1	43	G2	2	294
34	33	66	66	0.5	3/8	3/8	2/4	2	1	1/8		1/8	1		1	55	G3	3	294
34	33	66	66	0.5	3/8	3/8	2/4	1	2	1/8		1/8	1		-2	58	Bb3	3	289
34	33	66	66	0.25	3/8	3/8	2/4	1	1	1/16		1/16	1	1	2	62	D4	4	287
34	33	66	66	0.25	3/8	3/8	2/4	1	1	1/16		1/16	1		-1	65	F4	4	287
34	33	265/4	265/4	0.25	7/16	7/16	2/4	1	1	1/16		1/16	1		4	64	E4	4	288
34	33	265/4	265/4	0.25	7/16	7/16	2/4	1	1	1/16		1/16	1		1	67	G4	4	288
35	34	133/2	133/2	0.5	0	0	2/4	2	1	1/8		1/8	1		3	33	A1	1	302
35	34	133/2	133/2	0.5	0	0	2/4	2	1	1/8		1/8	1		3	45	A2	2	302
35	34	133/2	133/2	0.5	0	0	2/4	1	2	1/8		1/8	1		3	57	A3	3	300
35	34	133/2	133/2	0.5	0	0	2/4	1	2	1/8		1/8	1	0	2	62	D4	4	300
35	34	133/2	133/2	0.5	0	0	2/4	1	1	1/8		1/8	1		-1	65	F4	4	295
35	34	133/2	133/2	0.5	0	0	2/4	1	1	1/8		1/8	1		3	69	A4	4	295
35	34	67	67	0.5	1/8	1/8	2/4	2	1	1/8		1/8	1		-1	41	F2	2	303
35	34	67	67	0.5	1/8	1/8	2/4	2	1	1/8		1/8	1		-1	53	F3	3	303
35	34	67	67	0.5	1/8	1/8	2/4	1	1	1/8		1/8	1	-1	2	62	D4	4	296
35	34	67	67	1.5	1/8	1/8	2/4	1	2	3/8		1/4	3/2	1	3	69	A4	4	301
35	34	67	67	0.5	1/8	1/8	2/4	1	1	1/8		1/8	1		2	74	D5	5	296
35	34	135/2	135/2	0.5	1/4	1/4	2/4	2	1	1/8		1/8	1		1	31	G1	1	304
35	34	135/2	135/2	0.5	1/4	1/4	2/4	2	1	1/8		1/8	1		1	43	G2	2	304
35	34	135/2	135/2	0.25	1/4	1/4	2/4	1	1	1/16		1/16	1		7	61	C#4	4	297
35	34	135/2	135/2	0.25	1/4	1/4	2/4	1	1	1/16		1/16	1		7	73	C#5	5	297
35	34	271/4	271/4	0.25	5/16	5/16	2/4	1	1	1/16		1/16	1		2	62	D4	4	298
35	34	271/4	271/4	0.25	5/16	5/16	2/4	1	1	1/16		1/16	1		5	71	B4	4	298
35	34	271/4	271/4	0.25	5/16	5/16	2/4	1	1	1/16		1/16	1		2	74	D5	5	298
35	34	68	68	0.5	3/8	3/8	2/4	2	1	1/8		1/8	1		4	40	E2	2	305
35	34	68	68	0.5	3/8	3/8	2/4	2	1	1/8		1/8	1		4	52	E3	3	305
35	34	68	68	0.5	3/8	3/8	2/4	1	1	1/8		1/8	1		4	64	E4	4	299
35	34	68	68	0.5	3/8	3/8	2/4	1	1	1/8		1/8	1		7	73	C#5	5	299
35	34	68	68	0.5	3/8	3/8	2/4	1	1	1/8		1/8	1		4	76	E5	5	299
36	35	137/2	137/2	0.5	0	0	2/4	2	1	1/8		1/8	1		-1	29	F1	1	312
36	35	137/2	137/2	0.5	0	0	2/4	2	1	1/8		1/8	1		-1	41	F2	2	312
36	35	137/2	137/2	0.25	0	0	2/4	1	1	1/16		1/16	1		-1	65	F4	4	306
36	35	137/2	137/2	0.25	0	0	2/4	1	1	1/16		1/16	1	-1	3	69	A4	4	306
36	35	137/2	137/2	0.25	0	0	2/4	1	1	1/16		1/16	1		2	74	D5	5	306
36	35	137/2	137/2	0.25	0	0	2/4	1	1	1/16		1/16	1		-1	77	F5	5	306
36	35	275/4	275/4	0.25	1/16	1/16	2/4	1	1	1/16		1/16	1		1	67	G4	4	307
36	35	275/4	275/4	0.25	1/16	1/16	2/4	1	1	1/16		1/16	1		4	76	E5	5	307
36	35	275/4	275/4	0.25	1/16	1/16	2/4	1	1	1/16		1/16	1		1	79	G5	5	307
36	35	69	69	0.5	1/8	1/8	2/4	2	1	1/8		1/8	1		2	38	D2	2	313
36	35	69	69	0.5	1/8	1/8	2/4	2	1	1/8		1/8	1		2	50	D3	3	313
36	35	69	69	1.0	1/8	1/8	2/4	1	1	1/4		1/4	1		3	69	A4	4	308
36	35	69	69	1.0	1/8	1/8	2/4	1	1	1/4		1/4	1		-1	77	F5	5	308
36	35	69	69	1.0	1/8	1/8	2/4	1	1	1/4		1/4	1		3	81	A5	5	308
36	35	139/2	139/2	0.5	1/4	1/4	2/4	2	1	1/8		1/8	1		-3	27	Eb1	1	314
36	35	139/2	139/2	0.5	1/4	1/4	2/4	2	1	1/8		1/8	1		-3	39	Eb2	2	314
36	35	70	70	0.5	3/8	3/8	2/4	2	1	1/8		1/8	1		0	36	C2	2	315
36	35	70	70	0.5	3/8	3/8	2/4	2	1	1/8		1/8	1		0	48	C3	3	315
36	35	70	70	0.25	3/8	3/8	2/4	1	1	1/16		1/16	1		3	69	A4	4	309
36	35	70	70	0.5	3/8	3/8	2/4	1	2	1/8		1/8	1		3	69	A4	4	311
36	35	281/4	281/4	0.25	7/16	7/16	2/4	1	1	1/16		1/16	1		0	72	C5	5	310
36	35	281/4	281/4	0.25	7/16	7/16	2/4	1	1	1/16		1/16	1		-1	77	F5	5	310
36	35	281/4	281/4	0.25	7/16	7/16	2/4	1	1	1/16		1/16	1		3	81	A5	5	310
37	36	141/2	141/2	0.5	0	0	2/4	2	1	1/8		1/8	1		7	25	C#1	1	328
37	36	141/2	141/2	0.5	0	0	2/4	2	1	1/8		1/8	1		7	37	C#2	2	328
37	36	141/2	141/2	0.25	0	0	2/4	1	1	1/16		1/16	1		10	70	A#4	4	316
37	36	141/2	141/2	0.5	0	0	2/4	1	2	1/8		1/8	1		10	70	A#4	4	324
37	36	283/4	283/4	0.25	1/16	1/16	2/4	1	1	1/16		1/16	1		7	73	C#5	5	317
37	36	283/4	283/4	0.25	1/16	1/16	2/4	1	1	1/16		1/16	1		6	78	F#5	5	317
37	36	283/4	283/4	0.25	1/16	1/16	2/4	1	1	1/16		1/16	1		10	82	A#5	5	317
37	36	71	71	0.5	1/8	1/8	2/4	2	2	1/8		1/8	1		7	61	C#4	4	330
37	36	71	71	1.5	1/8	1/8	2/4	2	1	3/8		1/4	3/2	1	6	66	F#4	4	329
37	36	71	71	0.25	1/8	1/8	2/4	1	1	1/16		1/16	1		3	69	A4	4	318
37	36	71	71	0.5	1/8	1/8	2/4	1	2	1/8		1/8	1		3	69	A4	4	325
37	36	285/4	285/4	0.25	3/16	3/16	2/4	1	1	1/16		1/16	1		7	73	C#5	5	319
37	36	285/4	285/4	0.25	3/16	3/16	2/4	1	1	1/16		1/16	1		6	78	F#5	5	319
37	36	285/4	285/4	0.25	3/16	3/16	2/4	1	1	1/16		1/16	1		3	81	A5	5	319
37	36	143/2	143/2	0.5	1/4	1/4	2/4	2	2	1/8		1/8	1		2	62	D4	4	331
37	36	143/2	143/2	0.25	1/4	1/4	2/4	1	1	1/16		1/16	1		8	68	G#4	4	320
37	36	143/2	143/2	0.5	1/4	1/4	2/4	1	2	1/8		1/8	1		8	68	G#4	4	326
37	36	287/4	287/4	0.25	5/16	5/16	2/4	1	1	1/16		1/16	1		12	72	B#4	4	321
37	36	287/4	287/4	0.25	5/16	5/16	2/4	1	1	1/16		1/16	1		6	78	F#5	5	321
37	36	287/4	287/4	0.25	5/16	5/16	2/4	1	1	1/16		1/16	1		8	80	G#5	5	321
37	36	72	72	0.5	3/8	3/8	2/4	2	2	1/8		1/8	1		7	61	C#4	4	332
37	36	72	72	0.25	3/8	3/8	2/4	1	1	1/16		1/16	1		3	69	A4	4	322
37	36	72	72	0.5	3/8	3/8	2/4	1	2	1/8		1/8	1		3	69	A4	4	327
37	36	289/4	289/4	0.25	7/16	7/16	2/4	1	1	1/16		1/16	1		7	73	C#5	5	323
37	36	289/4	289/4	0.25	7/16	7/16	2/4	1	1	1/16		1/16	1		6	78	F#5	5	323
37	36	289/4	289/4	0.25	7/16	7/16	2/4	1	1	1/16		1/16	1		3	81	A5	5	323
38	37	145/2	145/2	0.5	0	0	2/4	2	2	1/8		1/8	1		12	60	B#3	3	347
38	37	145/2	145/2	0.5	0	0	2/4	2	1	1/8		1/8	1	-1	6	66	F#4	4	345
38	37	145/2	145/2	0.25	0	0	2/4	1	2	1/16		1/16	1		0	72	C5	5	340
38	37	291/4	291/4	0.25	1/16	1/16	2/4	1	2	1/16		1/16	1		-2	70	Bb4	4	341
38	37	291/4	291/4	0.25	1/16	1/16	2/4	1	1	1/16		1/16	1		2	74	D5	5	333
38	37	291/4	291/4	0.25	1/16	1/16	2/4	1	1	1/16		1/16	1		6	78	F#5	5	333
38	37	291/4	291/4	0.25	1/16	1/16	2/4	1	1	1/16		1/16	1		-2	82	Bb5	5	333
38	37	73	73	0.5	1/8	1/8	2/4	2	2	1/8		1/8	1		7	49	C#3	3	348
38	37	73	73	1.5	1/8	1/8	2/4	2	1	3/8		1/4	3/2		6	54	F#3	3	346
38	37	73	73	0.5	1/8	1/8	2/4	2	2	1/8		1/8	1		7	61	C#4	4	348
38	37	73	73	0.25	1/8	1/8	2/4	1	1	1/16		1/16	1		3	69	A4	4	334
38	37	73	73	0.5	1/8	1/8	2/4	1	2	1/8		1/8	1		3	69	A4	4	342
38	37	293/4	293/4	0.25	3/16	3/16	2/4	1	1	1/16		1/16	1		7	73	C#5	5	335
38	37	293/4	293/4	0.25	3/16	3/16	2/4	1	1	1/16		1/16	1		6	78	F#5	5	335
38	37	293/4	293/4	0.25	3/16	3/16	2/4	1	1	1/16		1/16	1		3	81	A5	5	335
38	37	147/2	147/2	0.25	1/4	1/4	2/4	2	2	1/16		1/16	1		4	52	E3	3	349
38	37	147/2	147/2	0.25	1/4	1/4	2/4	2	2	1/16		1/16	1		4	64	E4	4	349
38	37	147/2	147/2	0.25	1/4	1/4	2/4	1	1	1/16		1/16	1		8	68	G#4	4	336
38	37	147/2	147/2	0.5	1/4	1/4	2/4	1	2	1/8		1/8	1		8	68	G#4	4	343
38	37	295/4	295/4	0.25	5/16	5/16	2/4	2	2	1/16		1/16	1		2	50	D3	3	350
38	37	295/4	295/4	0.25	5/16	5/16	2/4	2	2	1/16		1/16	1		2	62	D4	4	350
38	37	295/4	295/4	0.25	5/16	5/16	2/4	1	1	1/16		1/16	1		12	72	B#4	4	337
38	37	295/4	295/4	0.25	5/16	5/16	2/4	1	1	1/16		1/16	1		6	78	F#5	5	337
38	37	295/4	295/4	0.25	5/16	5/16	2/4	1	1	1/16		1/16	1		8	80	G#5	5	337
38	37	74	74	0.5	3/8	3/8	2/4	2	2	1/8		1/8	1		7	49	C#3	3	351
38	37	74	74	0.5	3/8	3/8	2/4	2	2	1/8		1/8	1		7	61	C#4	4	351
38	37	74	74	0.25	3/8	3/8	2/4	1	1	1/16		1/16	1		3	69	A4	4	338
38	37	74	74	0.5	3/8	3/8	2/4	1	2	1/8		1/8	1		3	69	A4	4	344
38	37	297/4	297/4	0.25	7/16	7/16	2/4	1	1	1/16		1/16	1		7	73	C#5	5	339
38	37	297/4	297/4	0.25	7/16	7/16	2/4	1	1	1/16		1/16	1		6	78	F#5	5	339
38	37	297/4	297/4	0.25	7/16	7/16	2/4	1	1	1/16		1/16	1		3	81	A5	5	339
39	38	149/2	149/2	0.5	0	0	2/4	2	1	1/8		1/8	1		12	48	B#2	2	364
39	38	149/2	149/2	0.5	0	0	2/4	2	1	1/8		1/8	1		12	60	B#3	3	364
39	38	149/2	149/2	0.25	0	0	2/4	1	1	1/16		1/16	1		-2	70	Bb4	4	352
39	38	149/2	149/2	0.5	0	0	2/4	1	2	1/8		1/8	1		-2	70	Bb4	4	360
39	38	299/4	299/4	0.25	1/16	1/16	2/4	1	1	1/16		1/16	1		2	74	D5	5	353
39	38	299/4	299/4	0.25	1/16	1/16	2/4	1	1	1/16		1/16	1		6	78	F#5	5	353
39	38	299/4	299/4	0.25	1/16	1/16	2/4	1	1	1/16		1/16	1		-2	82	Bb5	5	353
39	38	75	75	0.25	1/8	1/8	2/4	2	1	1/16		1/16	1		7	49	C#3	3	365
39	38	75	75	0.5	1/8	1/8	2/4	2	2	1/8		1/8	1		7	49	C#3	3	371
39	38	75	75	0.25	1/8	1/8	2/4	1	1	1/16		1/16	1		3	69	A4	4	354
39	38	75	75	0.5	1/8	1/8	2/4	1	2	1/8		1/8	1		3	69	A4	4	361
39	38	301/4	301/4	0.25	3/16	3/16	2/4	2	1	1/16		1/16	1		7	37	C#2	2	366
39	38	301/4	301/4	0.25	3/16	3/16	2/4	1	1	1/16		1/16	1		7	73	C#5	5	355
39	38	301/4	301/4	0.25	3/16	3/16	2/4	1	1	1/16		1/16	1		6	78	F#5	5	355
39	38	301/4	301/4	0.25	3/16	3/16	2/4	1	1	1/16		1/16	1		3	81	A5	5	355
39	38	151/2	151/2	0.25	1/4	1/4	2/4	2	1	1/16		1/16	1		2	50	D3	3	367
39	38	151/2	151/2	0.5	1/4	1/4	2/4	2	2	1/8		1/8	1		2	50	D3	3	372
39	38	151/2	151/2	0.25	1/4	1/4	2/4	1	1	1/16		1/16	1		8	68	G#4	4	356
39	38	151/2	151/2	0.5	1/4	1/4	2/4	1	2	1/8		1/8	1		8	68	G#4	4	362
39	38	303/4	303/4	0.25	5/16	5/16	2/4	2	1	1/16		1/16	1		2	38	D2	2	368
39	38	303/4	303/4	0.25	5/16	5/16	2/4	1	1	1/16		1/16	1		5	71	B4	4	357
39	38	303/4	303/4	0.25	5/16	5/16	2/4	1	1	1/16		1/16	1		6	78	F#5	5	357
39	38	303/4	303/4	0.25	5/16	5/16	2/4	1	1	1/16		1/16	1		8	80	G#5	5	357
39	38	76	76	0.25	3/8	3/8	2/4	2	1	1/16		1/16	1		7	49	C#3	3	369
39	38	76	76	0.5	3/8	3/8	2/4	2	2	1/8		1/8	1		7	49	C#3	3	373
39	38	76	76	0.25	3/8	3/8	2/4	1	1	1/16		1/16	1		7	61	C#4	4	358
39	38	76	76	0.5	3/8	3/8	2/4	1	2	1/8		1/8	1	1	7	61	C#4	4	363
39	38	305/4	305/4	0.25	7/16	7/16	2/4	2	1	1/16		1/16	1		7	37	C#2	2	370
39	38	305/4	305/4	0.25	7/16	7/16	2/4	1	1	1/16		1/16	1		6	66	F#4	4	359
39	38	305/4	305/4	0.25	7/16	7/16	2/4	1	1	1/16		1/16	1		3	69	A4	4	359
39	38	305/4	305/4	0.25	7/16	7/16	2/4	1	1	1/16		1/16	1	1	7	73	C#5	5	359
40	39	153/2	153/2	0.25	0	0	2/4	2	1	1/16		1/16	1		5	47	B2	2	381
40	39	153/2	153/2	0.5	0	0	2/4	2	2	1/8		1/8	1		5	47	B2	2	389
40	39	153/2	153/2	1.5	0	0	2/4	1	2	3/8		1/4	3/2	-1	7	61	C#4	4	379
40	39	153/2	153/2	1.5	0	0	2/4	1	2	3/8		1/4	3/2	-1	7	73	C#5	5	379
40	39	307/4	307/4	0.25	1/16	1/16	2/4	2	1	1/16		1/16	1		5	35	B1	1	382
40	39	307/4	307/4	0.25	1/16	1/16	2/4	1	1	1/16		1/16	1		4	64	E4	4	374
40	39	307/4	307/4	0.25	1/16	1/16	2/4	1	1	1/16		1/16	1		1	67	G4	4	374
40	39	77	77	0.25	1/8	1/8	2/4	2	1	1/16		1/16	1		6	42	F#2	2	383
40	39	77	77	0.5	1/8	1/8	2/4	2	2	1/8		1/8	1		6	42	F#2	2	390
40	39	309/4	309/4	0.25	3/16	3/16	2/4	2	1	1/16		1/16	1		6	30	F#1	1	384
40	39	309/4	309/4	0.25	3/16	3/16	2/4	1	1	1/16		1/16	1		2	62	D4	4	375
40	39	309/4	309/4	0.25	3/16	3/16	2/4	1	1	1/16		1/16	1		6	66	F#4	4	375
40	39	155/2	155/2	0.25	1/4	1/4	2/4	2	1	1/16		1/16	1		7	37	C#2	2	385
40	39	311/4	311/4	0.25	5/16	5/16	2/4	2	1	1/16		1/16	1		7	25	C#1	1	386
40	39	311/4	311/4	0.25	5/16	5/16	2/4	1	1	1/16		1/16	1		7	61	C#4	4	376
40	39	311/4	311/4	0.25	5/16	5/16	2/4	1	1	1/16		1/16	1		11	65	E#4	4	376
40	39	78	78	0.25	3/8	3/8	2/4	2	1	1/16		1/16	1		7	49	C#3	3	387
40	39	78	78	0.25	3/8	3/8	2/4	1	1	1/16		1/16	1		3	57	A3	3	377
40	39	78	78	0.5	3/8	3/8	2/4	1	2	1/8		1/8	1		3	57	A3	3	380
40	39	313/4	313/4	0.25	7/16	7/16	2/4	2	1	1/16		1/16	1		7	37	C#2	2	388
40	39	313/4	313/4	0.25	7/16	7/16	2/4	1	1	1/16		1/16	1		7	61	C#4	4	378
40	39	313/4	313/4	0.25	7/16	7/16	2/4	1	1	1/16		1/16	1		6	66	F#4	4	378
40	39	313/4	313/4	0.25	7/16	7/16	2/4	1	1	1/16		1/16	1		3	69	A4	4	378
41	40	157/2	157/2	0.25	0	0	2/4	2	1	1/16		1/16	1		1	43	G2	2	403
41	40	157/2	157/2	0.25	0	0	2/4	1	1	1/16		1/16	1		-2	58	Bb3	3	391
41	40	157/2	157/2	0.5	0	0	2/4	1	2	1/8		1/8	1		-2	58	Bb3	3	398
41	40	315/4	315/4	0.25	1/16	1/16	2/4	2	1	1/16		1/16	1		1	31	G1	1	404
41	40	315/4	315/4	0.25	1/16	1/16	2/4	1	1	1/16		1/16	1		2	62	D4	4	392
41	40	315/4	315/4	0.25	1/16	1/16	2/4	1	1	1/16		1/16	1		1	67	G4	4	392
41	40	315/4	315/4	0.25	1/16	1/16	2/4	1	1	1/16		1/16	1		-2	70	Bb4	4	392
41	40	79	79	0.25	1/8	1/8	2/4	2	1	1/16		1/16	1		7	49	C#3	3	405
41	40	79	79	0.25	1/8	1/8	2/4	1	1	1/16		1/16	1		3	57	A3	3	393
41	40	79	79	0.5	1/8	1/8	2/4	1	2	1/8		1/8	1		3	57	A3	3	399
41	40	317/4	317/4	0.25	3/16	3/16	2/4	2	1	1/16		1/16	1		7	37	C#2	2	406
41	40	317/4	317/4	0.25	3/16	3/16	2/4	1	1	1/16		1/16	1		7	61	C#4	4	394
41	40	317/4	317/4	0.25	3/16	3/16	2/4	1	1	1/16		1/16	1		6	66	F#4	4	394
41	40	317/4	317/4	0.25	3/16	3/16	2/4	1	1	1/16		1/16	1		3	69	A4	4	394
41	40	159/2	159/2	0.25	1/4	1/4	2/4	2	1	1/16		1/16	1		8	44	G#2	2	407
41	40	159/2	159/2	0.25	1/4	1/4	2/4	1	1	1/16		1/16	1		8	56	G#3	3	395
41	40	159/2	159/2	0.5	1/4	1/4	2/4	1	2	1/8		1/8	1		8	56	G#3	3	400
41	40	319/4	319/4	0.25	5/16	5/16	2/4	2	1	1/16		1/16	1		8	32	G#1	1	408
41	40	319/4	319/4	0.25	5/16	5/16	2/4	1	1	1/16		1/16	1		12	60	B#3	3	396
41	40	319/4	319/4	0.25	5/16	5/16	2/4	1	1	1/16		1/16	1		11	65	E#4	4	396
41	40	319/4	319/4	0.25	5/16	5/16	2/4	1	1	1/16		1/16	1		8	68	G#4	4	396
41	40	80	80	0.25	3/8	3/8	2/4	2	1	1/16		1/16	1	1	7	49	C#3	3	409
41	40	80	80	0.5	3/8	3/8	2/4	1	2	1/8		1/8	1		7	49	C#3	3	401
41	40	80	80	0.5	3/8	3/8	2/4	2	2	1/8		1/8	1		7	49	C#3	3	411
41	40	321/4	321/4	0.25	7/16	7/16	2/4	2	1	1/16		1/16	1		7	37	C#2	2	410
41	40	321/4	321/4	0.25	7/16	7/16	2/4	1	3	1/16		1/16	1		1	55	G3	3	402
41	40	321/4	321/4	0.25	7/16	7/16	2/4	1	3	1/16		1/16	1		5	59	B3	3	402
41	40	321/4	321/4	0.25	7/16	7/16	2/4	1	1	1/16		1/16	1	1	7	61	C#4	4	397
42	41	161/2	161/2	0.25	0	0	2/4	2	1	1/16		1/16	1		3	45	A2	2	419
42	41	161/2	161/2	0.5	0	0	2/4	2	2	1/8		1/8	1	-1	7	49	C#3	3	427
42	41	161/2	161/2	1.5	0	0	2/4	1	1	3/8		1/4	3/2	-1	7	61	C#4	4	412
42	41	323/4	323/4	0.25	1/16	1/16	2/4	2	1	1/16		1/16	1		3	33	A1	1	420
42	41	323/4	323/4	0.25	1/16	1/16	2/4	1	2	1/16		1/16	1		6	54	F#3	3	415
42	41	323/4	323/4	0.25	1/16	1/16	2/4	1	2	1/16		1/16	1		3	57	A3	3	415
42	41	81	81	0.25	1/8	1/8	2/4	2	1	1/16		1/16	1		7	49	C#3	3	421
42	41	325/4	325/4	0.25	3/16	3/16	2/4	2	1	1/16		1/16	1		7	37	C#2	2	422
42	41	325/4	325/4	0.25	3/16	3/16	2/4	1	2	1/16		1/16	1		11	53	E#3	3	416
42	41	325/4	325/4	0.25	3/16	3/16	2/4	1	2	1/16		1/16	1		8	56	G#3	3	416
42	41	163/2	163/2	0.25	1/4	1/4	2/4	2	1	1/16		1/16	1		10	46	A#2	2	423
42	41	327/4	327/4	0.25	5/16	5/16	2/4	2	1	1/16		1/16	1		10	34	A#1	1	424
42	41	327/4	327/4	0.25	5/16	5/16	2/4	1	2	1/16		1/16	1		4	52	E3	3	417
42	41	327/4	327/4	0.25	5/16	5/16	2/4	1	2	1/16		1/16	1		1	55	G3	3	417
42	41	82	82	0.25	3/8	3/8	2/4	2	1	1/16		1/16	1		7	49	C#3	3	425
42	41	82	82	0.25	3/8	3/8	2/4	1	1	1/16		1/16	1		7	61	C#4	4	413
42	41	82	82	0.5	3/8	3/8	2/4	1	2	1/8		1/8	1		7	61	C#4	4	418
42	41	329/4	329/4	0.25	7/16	7/16	2/4	2	1	1/16		1/16	1		7	37	C#2	2	426
42	41	329/4	329/4	0.25	7/16	7/16	2/4	1	1	1/16		1/16	1		6	66	F#4	4	414
42	41	329/4	329/4	0.25	7/16	7/16	2/4	1	1	1/16		1/16	1		10	70	A#4	4	414
42	41	329/4	329/4	0.25	7/16	7/16	2/4	1	1	1/16		1/16	1		7	73	C#5	5	414
43	42	165/2	165/2	0.25	0	0	2/4	2	1	1/16		1/16	1		5	47	B2	2	440
43	42	165/2	165/2	0.25	0	0	2/4	1	1	1/16		1/16	1		2	62	D4	4	428
43	42	165/2	165/2	0.5	0	0	2/4	1	2	1/8		1/8	1		2	62	D4	4	436
43	42	331/4	331/4	0.25	1/16	1/16	2/4	2	1	1/16		1/16	1		5	35	B1	1	441
43	42	331/4	331/4	0.25	1/16	1/16	2/4	1	1	1/16		1/16	1		6	66	F#4	4	429
43	42	331/4	331/4	0.25	1/16	1/16	2/4	1	1	1/16		1/16	1		5	71	B4	4	429
43	42	331/4	331/4	0.25	1/16	1/16	2/4	1	1	1/16		1/16	1		2	74	D5	5	429
43	42	83	83	0.25	1/8	1/8	2/4	2	1	1/16		1/16	1		7	49	C#3	3	442
43	42	83	83	0.25	1/8	1/8	2/4	1	1	1/16		1/16	1		7	61	C#4	4	430
43	42	83	83	0.5	1/8	1/8	2/4	1	2	1/8		1/8	1		7	61	C#4	4	437
43	42	333/4	333/4	0.25	3/16	3/16	2/4	2	1	1/16		1/16	1		7	37	C#2	2	443
43	42	333/4	333/4	0.25	3/16	3/16	2/4	1	1	1/16		1/16	1		6	66	F#4	4	431
43	42	333/4	333/4	0.25	3/16	3/16	2/4	1	1	1/16		1/16	1		10	70	A#4	4	431
43	42	333/4	333/4	0.25	3/16	3/16	2/4	1	1	1/16		1/16	1		7	73	C#5	5	431
43	42	167/2	167/2	0.25	1/4	1/4	2/4	2	1	1/16		1/16	1		4	40	E2	2	444
43	42	167/2	167/2	0.25	1/4	1/4	2/4	2	1	1/16		1/16	1		4	52	E3	3	444
43	42	167/2	167/2	0.25	1/4	1/4	2/4	1	1	1/16		1/16	1		5	59	B3	3	432
43	42	167/2	167/2	0.5	1/4	1/4	2/4	1	2	1/8		1/8	1		5	59	B3	3	438
43	42	335/4	335/4	0.25	5/16	5/16	2/4	2	1	1/16		1/16	1		2	38	D2	2	445
43	42	335/4	335/4	0.25	5/16	5/16	2/4	2	1	1/16		1/16	1		2	50	D3	3	445
43	42	335/4	335/4	0.25	5/16	5/16	2/4	1	1	1/16		1/16	1		6	66	F#4	4	433
43	42	335/4	335/4	0.25	5/16	5/16	2/4	1	1	1/16		1/16	1		5	71	B4	4	433
43	42	84	84	0.25	3/8	3/8	2/4	2	1	1/16		1/16	1		7	49	C#3	3	446
43	42	84	84	0.5	3/8	3/8	2/4	2	2	1/8		1/8	1		7	49	C#3	3	448
43	42	84	84	0.25	3/8	3/8	2/4	1	1	1/16		1/16	1		6	54	F#3	3	434
43	42	84	84	0.5	3/8	3/8	2/4	1	2	1/8		1/8	1	1	6	54	F#3	3	439
43	42	337/4	337/4	0.25	7/16	7/16	2/4	2	1	1/16		1/16	1		7	37	C#2	2	447
43	42	337/4	337/4	0.25	7/16	7/16	2/4	1	1	1/16		1/16	1		4	64	E4	4	435
43	42	337/4	337/4	0.25	7/16	7/16	2/4	1	1	1/16		1/16	1		6	66	F#4	4	435
44	43	169/2	169/2	0.25	0	0	2/4	2	1	1/16		1/16	1		5	47	B2	2	456
44	43	169/2	169/2	0.5	0	0	2/4	2	2	1/8		1/8	1		5	47	B2	2	464
44	43	169/2	169/2	1.5	0	0	2/4	1	2	3/8		1/4	3/2	-1	6	54	F#3	3	454
44	43	339/4	339/4	0.25	1/16	1/16	2/4	2	1	1/16		1/16	1		5	35	B1	1	457
44	43	339/4	339/4	0.25	1/16	1/16	2/4	1	1	1/16		1/16	1		2	62	D4	4	449
44	43	339/4	339/4	0.25	1/16	1/16	2/4	1	1	1/16		1/16	1		6	66	F#4	4	449
44	43	85	85	0.25	1/8	1/8	2/4	2	1	1/16		1/16	1		3	45	A2	2	458
44	43	85	85	0.5	1/8	1/8	2/4	2	2	1/8		1/8	1		3	45	A2	2	465
44	43	341/4	341/4	0.25	3/16	3/16	2/4	2	1	1/16		1/16	1		3	33	A1	1	459
44	43	341/4	341/4	0.25	3/16	3/16	2/4	1	1	1/16		1/16	1		7	61	C#4	4	450
44	43	341/4	341/4	0.25	3/16	3/16	2/4	1	1	1/16		1/16	1		6	66	F#4	4	450
44	43	171/2	171/2	0.25	1/4	1/4	2/4	2	1	1/16		1/16	1		8	44	G#2	2	460
44	43	171/2	171/2	0.5	1/4	1/4	2/4	2	2	1/8		1/8	1		8	44	G#2	2	466
44	43	343/4	343/4	0.25	5/16	5/16	2/4	2	1	1/16		1/16	1		8	32	G#1	1	461
44	43	343/4	343/4	0.25	5/16	5/16	2/4	1	1	1/16		1/16	1		12	60	B#3	3	451
44	43	343/4	343/4	0.25	5/16	5/16	2/4	1	1	1/16		1/16	1		6	66	F#4	4	451
44	43	86	86	0.25	3/8	3/8	2/4	2	1	1/16		1/16	1		3	45	A2	2	462
44	43	86	86	0.25	3/8	3/8	2/4	1	1	1/16		1/16	1		-1	53	F3	3	452
44	43	86	86	0.5	3/8	3/8	2/4	1	2	1/8		1/8	1		-1	53	F3	3	455
44	43	345/4	345/4	0.25	7/16	7/16	2/4	2	1	1/16		1/16	1		3	33	A1	1	463
44	43	345/4	345/4	0.25	7/16	7/16	2/4	1	1	1/16		1/16	1		3	57	A3	3	453
44	43	345/4	345/4	0.25	7/16	7/16	2/4	1	1	1/16		1/16	1		2	62	D4	4	453
44	43	345/4	345/4	0.25	7/16	7/16	2/4	1	1	1/16		1/16	1		-1	65	F4	4	453
45	44	173/2	173/2	0.25	0	0	2/4	2	1	1/16		1/16	1		-3	39	Eb2	2	479
45	44	173/2	173/2	0.25	0	0	2/4	1	1	1/16		1/16	1		-6	54	Gb3	3	467
45	44	173/2	173/2	0.5	0	0	2/4	1	2	1/8		1/8	1		-6	54	Gb3	3	474
45	44	347/4	347/4	0.25	1/16	1/16	2/4	2	1	1/16		1/16	1		-3	27	Eb1	1	480
45	44	347/4	347/4	0.25	1/16	1/16	2/4	1	1	1/16		1/16	1		-2	58	Bb3	3	468
45	44	347/4	347/4	0.25	1/16	1/16	2/4	1	1	1/16		1/16	1		-3	63	Eb4	4	468
45	44	347/4	347/4	0.25	1/16	1/16	2/4	1	1	1/16		1/16	1		-6	66	Gb4	4	468
45	44	87	87	0.25	1/8	1/8	2/4	2	1	1/16		1/16	1		3	45	A2	2	481
45	44	87	87	0.25	1/8	1/8	2/4	1	1	1/16		1/16	1		-1	53	F3	3	469
45	44	87	87	0.5	1/8	1/8	2/4	1	2	1/8		1/8	1		-1	53	F3	3	475
45	44	349/4	349/4	0.25	3/16	3/16	2/4	2	1	1/16		1/16	1		3	33	A1	1	482
45	44	349/4	349/4	0.25	3/16	3/16	2/4	1	1	1/16		1/16	1		3	57	A3	3	470
45	44	349/4	349/4	0.25	3/16	3/16	2/4	1	1	1/16		1/16	1		2	62	D4	4	470
45	44	349/4	349/4	0.25	3/16	3/16	2/4	1	1	1/16		1/16	1		-1	65	F4	4	470
45	44	175/2	175/2	0.25	1/4	1/4	2/4	2	1	1/16		1/16	1		4	40	E2	2	483
45	44	175/2	175/2	0.25	1/4	1/4	2/4	1	1	1/16		1/16	1		4	52	E3	3	471
45	44	175/2	175/2	0.5	1/4	1/4	2/4	1	2	1/8		1/8	1		4	52	E3	3	476
45	44	351/4	351/4	0.25	5/16	5/16	2/4	2	1	1/16		1/16	1		4	28	E1	1	484
45	44	351/4	351/4	0.25	5/16	5/16	2/4	1	1	1/16		1/16	1		8	56	G#3	3	472
45	44	351/4	351/4	0.25	5/16	5/16	2/4	1	1	1/16		1/16	1		7	61	C#4	4	472
45	44	351/4	351/4	0.25	5/16	5/16	2/4	1	1	1/16		1/16	1		4	64	E4	4	472
45	44	88	88	0.25	3/8	3/8	2/4	2	1	1/16		1/16	1	1	3	45	A2	2	485
45	44	88	88	0.5	3/8	3/8	2/4	1	2	1/8		1/8	1		3	45	A2	2	477
45	44	88	88	0.5	3/8	3/8	2/4	2	2	1/8		1/8	1		3	45	A2	2	487
45	44	353/4	353/4	0.25	7/16	7/16	2/4	2	1	1/16		1/16	1		3	33	A1	1	486
45	44	353/4	353/4	0.25	7/16	7/16	2/4	1	3	1/16		1/16	1		-3	51	Eb3	3	478
45	44	353/4	353/4	0.25	7/16	7/16	2/4	1	3	1/16		1/16	1		1	55	G3	3	478
45	44	353/4	353/4	0.25	7/16	7/16	2/4	1	1	1/16		1/16	1	1	3	57	A3	3	473
46	45	177/2	177/2	0.25	0	0	2/4	2	1	1/16		1/16	1		-1	41	F2	2	495
46	45	177/2	177/2	0.5	0	0	2/4	2	2	1/8		1/8	1	-1	3	45	A2	2	503
46	45	177/2	177/2	1.5	0	0	2/4	1	1	3/8		1/4	3/2	-1	3	57	A3	3	488
46	45	355/4	355/4	0.25	1/16	1/16	2/4	2	1	1/16		1/16	1		-1	29	F1	1	496
46	45	355/4	355/4	0.25	1/16	1/16	2/4	1	2	1/16		1/16	1		2	50	D3	3	491
46	45	355/4	355/4	0.25	1/16	1/16	2/4	1	2	1/16		1/16	1		-1	53	F3	3	491
46	45	89	89	0.25	1/8	1/8	2/4	2	1	1/16		1/16	1		3	45	A2	2	497
46	45	357/4	357/4	0.25	3/16	3/16	2/4	2	1	1/16		1/16	1		3	33	A1	1	498
46	45	357/4	357/4	0.25	3/16	3/16	2/4	1	2	1/16		1/16	1		7	49	C#3	3	492
46	45	357/4	357/4	0.25	3/16	3/16	2/4	1	2	1/16		1/16	1		4	52	E3	3	492
46	45	179/2	179/2	0.25	1/4	1/4	2/4	2	1	1/16		1/16	1		6	42	F#2	2	499
46	45	359/4	359/4	0.25	5/16	5/16	2/4	2	1	1/16		1/16	1		6	30	F#1	1	500
46	45	359/4	359/4	0.25	5/16	5/16	2/4	1	2	1/16		1/16	1		0	48	C3	3	493
46	45	359/4	359/4	0.25	5/16	5/16	2/4	1	2	1/16		1/16	1		-3	51	Eb3	3	493
46	45	90	90	0.25	3/8	3/8	2/4	2	1	1/16		1/16	1		-2	58	Bb3	3	501
46	45	90	90	0.25	3/8	3/8	2/4	1	1	1/16		1/16	1		-6	66	Gb4	4	489
46	45	90	90	0.5	3/8	3/8	2/4	1	2	1/8		1/8	1		-6	66	Gb4	4	494
46	45	361/4	361/4	0.25	7/16	7/16	2/4	2	1	1/16		1/16	1		-2	46	Bb2	2	502
46	45	361/4	361/4	0.25	7/16	7/16	2/4	1	1	1/16		1/16	1		-2	70	Bb4	4	490
46	45	361/4	361/4	0.25	7/16	7/16	2/4	1	1	1/16		1/16	1		-3	75	Eb5	5	490
46	45	361/4	361/4	0.25	7/16	7/16	2/4	1	1	1/16		1/16	1		-6	78	Gb5	5	490
47	46	181/2	181/2	0.25	0	0	2/4	2	1	1/16		1/16	1		4	52	E3	3	516
47	46	181/2	181/2	0.25	0	0	2/4	1	1	1/16		1/16	1		1	67	G4	4	504
47	46	181/2	181/2	0.5	0	0	2/4	1	2	1/8		1/8	1		1	67	G4	4	511
47	46	363/4	363/4	0.25	1/16	1/16	2/4	2	1	1/16		1/16	1		4	40	E2	2	517
47	46	363/4	363/4	0.25	1/16	1/16	2/4	1	1	1/16		1/16	1		5	71	B4	4	505
47	46	363/4	363/4	0.25	1/16	1/16	2/4	1	1	1/16		1/16	1		4	76	E5	5	505
47	46	363/4	363/4	0.25	1/16	1/16	2/4	1	1	1/16		1/16	1		1	79	G5	5	505
47	46	91	91	0.25	1/8	1/8	2/4	2	1	1/16		1/16	1		-2	58	Bb3	3	518
47	46	91	91	0.25	1/8	1/8	2/4	1	1	1/16		1/16	1		-6	66	Gb4	4	506
47	46	91	91	0.5	1/8	1/8	2/4	1	2	1/8		1/8	1		-6	66	Gb4	4	512
47	46	365/4	365/4	0.25	3/16	3/16	2/4	2	1	1/16		1/16	1		-2	46	Bb2	2	519
47	46	365/4	365/4	0.25	3/16	3/16	2/4	1	1	1/16		1/16	1		-2	70	Bb4	4	507
47	46	365/4	365/4	0.25	3/16	3/16	2/4	1	1	1/16		1/16	1		-3	75	Eb5	5	507
47	46	365/4	365/4	0.25	3/16	3/16	2/4	1	1	1/16		1/16	1		-6	78	Gb5	5	507
47	46	183/2	183/2	0.25	1/4	1/4	2/4	2	1	1/16		1/16	1		-1	53	F3	3	520
47	46	183/2	183/2	0.25	1/4	1/4	2/4	1	1	1/16		1/16	1		-1	65	F4	4	508
47	46	183/2	183/2	0.5	1/4	1/4	2/4	1	2	1/8		1/8	1		-1	65	F4	4	513
47	46	367/4	367/4	0.25	5/16	5/16	2/4	2	1	1/16		1/16	1		-1	41	F2	2	521
47	46	367/4	367/4	0.25	5/16	5/16	2/4	1	1	1/16		1/16	1		3	69	A4	4	509
47	46	367/4	367/4	0.25	5/16	5/16	2/4	1	1	1/16		1/16	1		2	74	D5	5	509
47	46	367/4	367/4	0.25	5/16	5/16	2/4	1	1	1/16		1/16	1		-1	77	F5	5	509
47	46	92	92	0.25	3/8	3/8	2/4	2	1	1/16		1/16	1	1	-2	58	Bb3	3	522
47	46	92	92	0.5	3/8	3/8	2/4	1	2	1/8		1/8	1		-2	58	Bb3	3	514
47	46	369/4	369/4	0.25	7/16	7/16	2/4	2	1	1/16		1/16	1		-2	46	Bb2	2	523
47	46	369/4	369/4	0.25	7/16	7/16	2/4	1	3	1/16		1/16	1		-8	64	Fb4	4	515
47	46	369/4	369/4	0.25	7/16	7/16	2/4	1	3	1/16		1/16	1		-4	68	Ab4	4	515
47	46	369/4	369/4	0.25	7/16	7/16	2/4	1	1	1/16		1/16	1	1	-2	70	Bb4	4	510
48	47	185/2	185/2	0.25	0	0	2/4	2	2	1/16		1/16	1		-6	54	Gb3	3	536
48	47	185/2	185/2	0.5	0	0	2/4	2	1	1/8		1/8	1	-1	-2	58	Bb3	3	531
48	47	185/2	185/2	1.5	0	0	2/4	1	1	3/8		1/4	3/2	-1	-2	70	Bb4	4	524
48	47	371/4	371/4	0.25	1/16	1/16	2/4	2	2	1/16		1/16	1		-6	42	Gb2	2	537
48	47	371/4	371/4	0.25	1/16	1/16	2/4	1	2	1/16		1/16	1		-3	63	Eb4	4	527
48	47	371/4	371/4	0.25	1/16	1/16	2/4	1	2	1/16		1/16	1		-6	66	Gb4	4	527
48	47	93	93	0.25	1/8	1/8	2/4	2	2	1/16		1/16	1		-2	58	Bb3	3	538
48	47	373/4	373/4	0.25	3/16	3/16	2/4	2	2	1/16		1/16	1		-2	46	Bb2	2	539
48	47	373/4	373/4	0.25	3/16	3/16	2/4	1	2	1/16		1/16	1		2	62	D4	4	528
48	47	373/4	373/4	0.25	3/16	3/16	2/4	1	2	1/16		1/16	1		-1	65	F4	4	528
48	47	187/2	187/2	0.25	1/4	1/4	2/4	2	1	1/16		1/16	1		1	55	G3	3	532
48	47	375/4	375/4	0.25	5/16	5/16	2/4	2	1	1/16		1/16	1		1	43	G2	2	533
48	47	375/4	375/4	0.25	5/16	5/16	2/4	1	2	1/16		1/16	1		7	61	C#4	4	529
48	47	375/4	375/4	0.25	5/16	5/16	2/4	1	2	1/16		1/16	1		4	64	E4	4	529
48	47	94	94	0.25	3/8	3/8	2/4	2	1	1/16		1/16	1		5	47	B2	2	534
48	47	94	94	0.25	3/8	3/8	2/4	1	1	1/16		1/16	1		1	55	G3	3	525
48	47	94	94	0.5	3/8	3/8	2/4	1	2	1/8		1/8	1		1	55	G3	3	530
48	47	377/4	377/4	0.25	7/16	7/16	2/4	2	1	1/16		1/16	1		5	35	B1	1	535
48	47	377/4	377/4	0.25	7/16	7/16	2/4	1	1	1/16		1/16	1		5	59	B3	3	526
48	47	377/4	377/4	0.25	7/16	7/16	2/4	1	1	1/16		1/16	1		4	64	E4	4	526
48	47	377/4	377/4	0.25	7/16	7/16	2/4	1	1	1/16		1/16	1		1	67	G4	4	526
49	48	189/2	189/2	0.25	0	0	2/4	2	1	1/16		1/16	1		-1	41	F2	2	552
49	48	189/2	189/2	0.25	0	0	2/4	1	1	1/16		1/16	1		-4	56	Ab3	3	540
49	48	189/2	189/2	0.5	0	0	2/4	1	2	1/8		1/8	1		-4	56	Ab3	3	547
49	48	379/4	379/4	0.25	1/16	1/16	2/4	2	1	1/16		1/16	1		-1	29	F1	1	553
49	48	379/4	379/4	0.25	1/16	1/16	2/4	1	1	1/16		1/16	1		0	60	C4	4	541
49	48	379/4	379/4	0.25	1/16	1/16	2/4	1	1	1/16		1/16	1		4	64	E4	4	541
49	48	379/4	379/4	0.25	1/16	1/16	2/4	1	1	1/16		1/16	1		-4	68	Ab4	4	541
49	48	95	95	0.25	1/8	1/8	2/4	2	1	1/16		1/16	1		5	47	B2	2	554
49	48	95	95	0.25	1/8	1/8	2/4	1	1	1/16		1/16	1		1	55	G3	3	542
49	48	95	95	0.5	1/8	1/8	2/4	1	2	1/8		1/8	1		1	55	G3	3	548
49	48	381/4	381/4	0.25	3/16	3/16	2/4	2	1	1/16		1/16	1		5	35	B1	1	555
49	48	381/4	381/4	0.25	3/16	3/16	2/4	1	1	1/16		1/16	1		5	59	B3	3	543
49	48	381/4	381/4	0.25	3/16	3/16	2/4	1	1	1/16		1/16	1		4	64	E4	4	543
49	48	381/4	381/4	0.25	3/16	3/16	2/4	1	1	1/16		1/16	1		1	67	G4	4	543
49	48	191/2	191/2	0.25	1/4	1/4	2/4	2	1	1/16		1/16	1		6	42	F#2	2	556
49	48	191/2	191/2	0.25	1/4	1/4	2/4	1	1	1/16		1/16	1		6	54	F#3	3	544
49	48	191/2	191/2	0.5	1/4	1/4	2/4	1	2	1/8		1/8	1		6	54	F#3	3	549
49	48	383/4	383/4	0.25	5/16	5/16	2/4	2	1	1/16		1/16	1		6	30	F#1	1	557
49	48	383/4	383/4	0.25	5/16	5/16	2/4	1	1	1/16		1/16	1		10	58	A#3	3	545
49	48	383/4	383/4	0.25	5/16	5/16	2/4	1	1	1/16		1/16	1		9	63	D#4	4	545
49	48	383/4	383/4	0.25	5/16	5/16	2/4	1	1	1/16		1/16	1		6	66	F#4	4	545
49	48	96	96	0.25	3/8	3/8	2/4	2	1	1/16		1/16	1		5	47	B2	2	558
49	48	96	96	0.5	3/8	3/8	2/4	1	2	1/8		1/8	1		5	47	B2	2	550
49	48	96	96	0.5	3/8	3/8	2/4	2	2	1/8		1/8	1	1	5	47	B2	2	560
49	48	385/4	385/4	0.25	7/16	7/16	2/4	2	1	1/16		1/16	1		5	35	B1	1	559
49	48	385/4	385/4	0.25	7/16	7/16	2/4	1	3	1/16		1/16	1		-1	53	F3	3	551
49	48	385/4	385/4	0.25	7/16	7/16	2/4	1	3	1/16		1/16	1		3	57	A3	3	551
49	48	385/4	385/4	0.25	7/16	7/16	2/4	1	1	1/16		1/16	1	1	5	59	B3	3	546
50	49	193/2	193/2	0.25	0	0	2/4	2	1	1/16		1/16	1		1	43	G2	2	572
50	49	193/2	193/2	0.5	0	0	2/4	2	2	1/8		1/8	1	-1	5	47	B2	2	580
50	49	193/2	193/2	0.5	0	0	2/4	1	1	1/8		1/8	1	-1	5	59	B3	3	561
50	49	387/4	387/4	0.25	1/16	1/16	2/4	2	1	1/16		1/16	1		1	31	G1	1	573
50	49	387/4	387/4	0.25	1/16	1/16	2/4	1	2	1/16		1/16	1		4	52	E3	3	568
50	49	387/4	387/4	0.25	1/16	1/16	2/4	1	2	1/16		1/16	1		1	55	G3	3	568
50	49	97	97	0.25	1/8	1/8	2/4	2	1	1/16		1/16	1		0	60	C4	4	574
50	49	97	97	0.25	1/8	1/8	2/4	1	1	1/16		1/16	1		-4	68	Ab4	4	562
50	49	97	97	0.5	1/8	1/8	2/4	1	2	1/8		1/8	1		-4	68	Ab4	4	569
50	49	389/4	389/4	0.25	3/16	3/16	2/4	2	1	1/16		1/16	1		0	48	C3	3	575
50	49	389/4	389/4	0.25	3/16	3/16	2/4	1	1	1/16		1/16	1		0	72	C5	5	563
50	49	389/4	389/4	0.25	3/16	3/16	2/4	1	1	1/16		1/16	1		-1	77	F5	5	563
50	49	389/4	389/4	0.25	3/16	3/16	2/4	1	1	1/16		1/16	1		-4	80	Ab5	5	563
50	49	195/2	195/2	0.25	1/4	1/4	2/4	2	1	1/16		1/16	1		6	54	F#3	3	576
50	49	195/2	195/2	0.25	1/4	1/4	2/4	1	1	1/16		1/16	1		3	69	A4	4	564
50	49	195/2	195/2	0.5	1/4	1/4	2/4	1	2	1/8		1/8	1		3	69	A4	4	570
50	49	391/4	391/4	0.25	5/16	5/16	2/4	2	1	1/16		1/16	1		6	42	F#2	2	577
50	49	391/4	391/4	0.25	5/16	5/16	2/4	1	1	1/16		1/16	1		7	73	C#5	5	565
50	49	391/4	391/4	0.25	5/16	5/16	2/4	1	1	1/16		1/16	1		6	78	F#5	5	565
50	49	391/4	391/4	0.25	5/16	5/16	2/4	1	1	1/16		1/16	1		3	81	A5	5	565
50	49	98	98	0.25	3/8	3/8	2/4	2	1	1/16		1/16	1		0	60	C4	4	578
50	49	98	98	0.25	3/8	3/8	2/4	1	1	1/16		1/16	1		-4	68	Ab4	4	566
50	49	98	98	0.5	3/8	3/8	2/4	1	2	1/8		1/8	1		-4	68	Ab4	4	571
50	49	393/4	393/4	0.25	7/16	7/16	2/4	2	1	1/16		1/16	1		0	48	C3	3	579
50	49	393/4	393/4	0.25	7/16	7/16	2/4	1	1	1/16		1/16	1		0	72	C5	5	567
50	49	393/4	393/4	0.25	7/16	7/16	2/4	1	1	1/16		1/16	1		-1	77	F5	5	567
50	49	393/4	393/4	0.25	7/16	7/16	2/4	1	1	1/16		1/16	1		-4	80	Ab5	5	567
51	50	197/2	197/2	0.25	0	0	2/4	2	1	1/16		1/16	1		1	55	G3	3	592
51	50	197/2	197/2	0.25	0	0	2/4	1	1	1/16		1/16	1		1	67	G4	4	581
51	50	197/2	197/2	0.5	0	0	2/4	1	2	1/8		1/8	1		1	67	G4	4	585
51	50	395/4	395/4	0.25	1/16	1/16	2/4	2	1	1/16		1/16	1		1	43	G2	2	593
51	50	395/4	395/4	0.25	1/16	1/16	2/4	1	1	1/16		1/16	1		5	71	B4	4	582
51	50	395/4	395/4	0.25	1/16	1/16	2/4	1	1	1/16		1/16	1		4	76	E5	5	582
51	50	395/4	395/4	0.25	1/16	1/16	2/4	1	1	1/16		1/16	1		1	79	G5	5	582
51	50	99	99	0.25	1/8	1/8	2/4	2	1	1/16		1/16	1		0	60	C4	4	594
51	50	99	99	0.5	1/8	1/8	2/4	1	2	1/8		1/8	1		0	60	C4	4	586
51	50	397/4	397/4	0.25	3/16	3/16	2/4	2	1	1/16		1/16	1		0	48	C3	3	595
51	50	397/4	397/4	0.25	3/16	3/16	2/4	1	3	1/16		1/16	1		-6	66	Gb4	4	589
51	50	397/4	397/4	0.25	3/16	3/16	2/4	1	3	1/16		1/16	1		-2	70	Bb4	4	589
51	50	397/4	397/4	0.25	3/16	3/16	2/4	1	1	1/16		1/16	1	1	0	72	C5	5	583
51	50	199/2	199/2	0.25	1/4	1/4	2/4	2	1	1/16		1/16	1		-4	56	Ab3	3	596
51	50	199/2	199/2	0.5	1/4	1/4	2/4	1	2	1/8		1/8	1		-5	61	Db4	4	587
51	50	199/2	199/2	1.0	1/4	1/4	2/4	1	1	1/4		1/4	1	-1	0	72	C5	5	584
51	50	399/4	399/4	0.25	5/16	5/16	2/4	2	1	1/16		1/16	1		-4	44	Ab2	2	597
51	50	399/4	399/4	0.25	5/16	5/16	2/4	1	3	1/16		1/16	1		-1	65	F4	4	590
51	50	399/4	399/4	0.25	5/16	5/16	2/4	1	3	1/16		1/16	1		-4	68	Ab4	4	590
51	50	100	100	0.25	3/8	3/8	2/4	2	1	1/16		1/16	1		2	62	D4	4	598
51	50	100	100	0.5	3/8	3/8	2/4	1	2	1/8		1/8	1		2	62	D4	4	588
51	50	401/4	401/4	0.25	7/16	7/16	2/4	2	1	1/16		1/16	1		2	50	D3	3	599
51	50	401/4	401/4	0.25	7/16	7/16	2/4	1	3	1/16		1/16	1		0	60	C4	4	591
51	50	401/4	401/4	0.25	7/16	7/16	2/4	1	3	1/16		1/16	1		6	66	F#4	4	591
52	51	201/2	201/2	0.25	0	0	2/4	2	1	1/16		1/16	1		1	43	G2	2	604
52	51	403/4	403/4	0.25	1/16	1/16	2/4	2	1	1/16		1/16	1		1	31	G1	1	605
52	51	403/4	403/4	0.5	1/16	1/16	2/4	1	1	1/8		1/8	1		4	64	E4	4	600
52	51	403/4	403/4	0.5	1/16	1/16	2/4	1	1	1/8		1/8	1		1	67	G4	4	600
52	51	403/4	403/4	0.5	1/16	1/16	2/4	1	1	1/8		1/8	1		0	72	C5	5	600
52	51	101	101	0.25	1/8	1/8	2/4	2	1	1/16		1/16	1		1	55	G3	3	606
52	51	101	101	0.25	1/8	1/8	2/4	2	1	1/16		1/16	1		0	60	C4	4	606
52	51	101	101	0.25	1/8	1/8	2/4	2	1	1/16		1/16	1		4	64	E4	4	606
52	51	405/4	405/4	0.25	3/16	3/16	2/4	2	1	1/16		1/16	1		4	52	E3	3	607
52	51	405/4	405/4	0.5	3/16	3/16	2/4	1	1	1/8		1/8	1		1	67	G4	4	601
52	51	405/4	405/4	0.5	3/16	3/16	2/4	1	1	1/8		1/8	1		0	72	C5	5	601
52	51	405/4	405/4	0.5	3/16	3/16	2/4	1	1	1/8		1/8	1		4	76	E5	5	601
52	51	203/2	203/2	0.25	1/4	1/4	2/4	2	1	1/16		1/16	1		1	55	G3	3	608
52	51	407/4	407/4	0.25	5/16	5/16	2/4	2	1	1/16		1/16	1		1	43	G2	2	609
52	51	407/4	407/4	0.5	5/16	5/16	2/4	1	1	1/8		1/8	1		1	67	G4	4	602
52	51	407/4	407/4	0.5	5/16	5/16	2/4	1	1	1/8		1/8	1	1	3	69	A4	4	602
52	51	407/4	407/4	0.5	5/16	5/16	2/4	1	1	1/8		1/8	1	1	0	72	C5	5	602
52	51	407/4	407/4	0.5	5/16	5/16	2/4	1	1	1/8		1/8	1		4	76	E5	5	602
52	51	102	102	0.25	3/8	3/8	2/4	2	1	1/16		1/16	1		3	57	A3	3	610
52	51	102	102	0.25	3/8	3/8	2/4	2	1	1/16		1/16	1		0	60	C4	4	610
52	51	102	102	0.25	3/8	3/8	2/4	2	1	1/16		1/16	1		2	62	D4	4	610
52	51	409/4	409/4	0.25	7/16	7/16	2/4	2	1	1/16		1/16	1		2	50	D3	3	611
52	51	409/4	409/4	0.25	7/16	7/16	2/4	1	1	1/16		1/16	1		-1	65	F4	4	603
52	51	409/4	409/4	0.25	7/16	7/16	2/4	1	1	1/16		1/16	1	-1	3	69	A4	4	603
52	51	409/4	409/4	0.25	7/16	7/16	2/4	1	1	1/16		1/16	1	-1	0	72	C5	5	603
52	51	409/4	409/4	0.25	7/16	7/16	2/4	1	1	1/16		1/16	1		2	74	D5	5	603
53	52	205/2	205/2	0.25	0	0	2/4	2	1	1/16		1/16	1		1	43	G2	2	616
53	52	411/4	411/4	0.25	1/16	1/16	2/4	2	1	1/16		1/16	1		1	31	G1	1	617
53	52	411/4	411/4	0.5	1/16	1/16	2/4	1	1	1/8		1/8	1		3	69	A4	4	612
53	52	411/4	411/4	0.5	1/16	1/16	2/4	1	1	1/8		1/8	1		0	72	C5	5	612
53	52	411/4	411/4	0.5	1/16	1/16	2/4	1	1	1/8		1/8	1		2	74	D5	5	612
53	52	411/4	411/4	0.5	1/16	1/16	2/4	1	1	1/8		1/8	1		-1	77	F5	5	612
53	52	103	103	0.25	1/8	1/8	2/4	2	1	1/16		1/16	1		0	60	C4	4	618
53	52	103	103	0.25	1/8	1/8	2/4	2	1	1/16		1/16	1		2	62	D4	4	618
53	52	103	103	0.25	1/8	1/8	2/4	2	1	1/16		1/16	1		-1	65	F4	4	618
53	52	413/4	413/4	0.25	3/16	3/16	2/4	2	1	1/16		1/16	1		-1	53	F3	3	619
53	52	413/4	413/4	0.25	3/16	3/16	2/4	1	1	1/16		1/16	1		5	71	B4	4	613
53	52	413/4	413/4	0.25	3/16	3/16	2/4	1	1	1/16		1/16	1		1	79	G5	5	613
53	52	207/2	207/2	0.25	1/4	1/4	2/4	2	1	1/16		1/16	1		1	55	G3	3	620
53	52	415/4	415/4	0.25	5/16	5/16	2/4	2	1	1/16		1/16	1		1	43	G2	2	621
53	52	415/4	415/4	0.5	5/16	5/16	2/4	1	1	1/8		1/8	1		3	69	A4	4	614
53	52	415/4	415/4	0.5	5/16	5/16	2/4	1	1	1/8		1/8	1		0	72	C5	5	614
53	52	415/4	415/4	0.5	5/16	5/16	2/4	1	1	1/8		1/8	1		-1	77	F5	5	614
53	52	104	104	0.25	3/8	3/8	2/4	2	1	1/16		1/16	1		0	60	C4	4	622
53	52	104	104	0.25	3/8	3/8	2/4	2	1	1/16		1/16	1		4	64	E4	4	622
53	52	417/4	417/4	0.25	7/16	7/16	2/4	2	1	1/16		1/16	1		4	52	E3	3	623
53	52	417/4	417/4	0.25	7/16	7/16	2/4	1	1	1/16		1/16	1		1	67	G4	4	615
53	52	417/4	417/4	0.25	7/16	7/16	2/4	1	1	1/16		1/16	1		4	76	E5	5	615
54	53	209/2	209/2	0.25	0	0	2/4	2	1	1/16		1/16	1		1	43	G2	2	628
54	53	419/4	419/4	0.25	1/16	1/16	2/4	2	1	1/16		1/16	1		1	31	G1	1	629
54	53	419/4	419/4	0.5	1/16	1/16	2/4	1	1	1/8		1/8	1		0	72	C5	5	624
54	53	419/4	419/4	0.5	1/16	1/16	2/4	1	1	1/8		1/8	1		4	76	E5	5	624
54	53	419/4	419/4	0.5	1/16	1/16	2/4	1	1	1/8		1/8	1		-1	77	F5	5	624
54	53	419/4	419/4	0.5	1/16	1/16	2/4	1	1	1/8		1/8	1		3	81	A5	5	624
54	53	105	105	0.25	1/8	1/8	2/4	2	1	1/16		1/16	1		0	60	C4	4	630
54	53	105	105	0.25	1/8	1/8	2/4	2	1	1/16		1/16	1		4	64	E4	4	630
54	53	105	105	0.25	1/8	1/8	2/4	2	1	1/16		1/16	1		3	69	A4	4	630
54	53	421/4	421/4	0.25	3/16	3/16	2/4	2	1	1/16		1/16	1		3	57	A3	3	631
54	53	421/4	421/4	0.25	3/16	3/16	2/4	1	1	1/16		1/16	1		2	74	D5	5	625
54	53	421/4	421/4	0.25	3/16	3/16	2/4	1	1	1/16		1/16	1		5	83	B5	5	625
54	53	211/2	211/2	0.25	1/4	1/4	2/4	2	1	1/16		1/16	1		1	55	G3	3	632
54	53	423/4	423/4	0.25	5/16	5/16	2/4	2	1	1/16		1/16	1		1	43	G2	2	633
54	53	423/4	423/4	0.5	5/16	5/16	2/4	1	1	1/8		1/8	1		0	72	C5	5	626
54	53	423/4	423/4	0.5	5/16	5/16	2/4	1	1	1/8		1/8	1		2	74	D5	5	626
54	53	423/4	423/4	0.5	5/16	5/16	2/4	1	1	1/8		1/8	1		-1	77	F5	5	626
54	53	423/4	423/4	0.5	5/16	5/16	2/4	1	1	1/8		1/8	1		3	81	A5	5	626
54	53	106	106	0.25	3/8	3/8	2/4	2	1	1/16		1/16	1		2	62	D4	4	634
54	53	106	106	0.25	3/8	3/8	2/4	2	1	1/16		1/16	1		-1	65	F4	4	634
54	53	106	106	0.25	3/8	3/8	2/4	2	1	1/16		1/16	1		1	67	G4	4	634
54	53	425/4	425/4	0.25	7/16	7/16	2/4	2	1	1/16		1/16	1		5	59	B3	3	635
54	53	425/4	425/4	0.25	7/16	7/16	2/4	1	1	1/16		1/16	1		5	71	B4	4	627
54	53	425/4	425/4	0.25	7/16	7/16	2/4	1	1	1/16		1/16	1		1	79	G5	5	627
55	54	213/2	213/2	0.25	0	0	2/4	2	1	1/16		1/16	1		1	43	G2	2	640
55	54	427/4	427/4	0.25	1/16	1/16	2/4	2	1	1/16		1/16	1		1	31	G1	1	641
55	54	427/4	427/4	0.5	1/16	1/16	2/4	1	1	1/8		1/8	1		4	76	E5	5	636
55	54	427/4	427/4	0.5	1/16	1/16	2/4	1	1	1/8		1/8	1		1	79	G5	5	636
55	54	427/4	427/4	0.5	1/16	1/16	2/4	1	1	1/8		1/8	1		3	81	A5	5	636
55	54	427/4	427/4	0.5	1/16	1/16	2/4	1	1	1/8		1/8	1		0	84	C6	6	636
55	54	107	107	0.25	1/8	1/8	2/4	2	1	1/16		1/16	1		4	64	E4	4	642
55	54	107	107	0.25	1/8	1/8	2/4	2	1	1/16		1/16	1		3	69	A4	4	642
55	54	107	107	0.25	1/8	1/8	2/4	2	1	1/16		1/16	1		0	72	C5	5	642
55	54	429/4	429/4	0.25	3/16	3/16	2/4	2	1	1/16		1/16	1		0	60	C4	4	643
55	54	429/4	429/4	0.25	3/16	3/16	2/4	1	1	1/16		1/16	1		-1	77	F5	5	637
55	54	429/4	429/4	0.25	3/16	3/16	2/4	1	1	1/16		1/16	1		2	86	D6	6	637
55	54	215/2	215/2	0.25	1/4	1/4	2/4	2	1	1/16		1/16	1		1	55	G3	3	644
55	54	431/4	431/4	0.25	5/16	5/16	2/4	2	1	1/16		1/16	1		1	43	G2	2	645
55	54	431/4	431/4	0.5	5/16	5/16	2/4	1	1	1/8		1/8	1		4	76	E5	5	638
55	54	431/4	431/4	0.5	5/16	5/16	2/4	1	1	1/8		1/8	1		-1	77	F5	5	638
55	54	431/4	431/4	0.5	5/16	5/16	2/4	1	1	1/8		1/8	1		3	81	A5	5	638
55	54	431/4	431/4	0.5	5/16	5/16	2/4	1	1	1/8		1/8	1		0	84	C6	6	638
55	54	108	108	0.25	3/8	3/8	2/4	2	1	1/16		1/16	1		-1	65	F4	4	646
55	54	108	108	0.25	3/8	3/8	2/4	2	1	1/16		1/16	1		1	67	G4	4	646
55	54	108	108	0.25	3/8	3/8	2/4	2	1	1/16		1/16	1		5	71	B4	4	646
55	54	433/4	433/4	0.25	7/16	7/16	2/4	2	1	1/16		1/16	1		2	62	D4	4	647
55	54	433/4	433/4	0.25	7/16	7/16	2/4	1	1	1/16		1/16	1		2	74	D5	5	639
55	54	433/4	433/4	0.25	7/16	7/16	2/4	1	1	1/16		1/16	1		1	79	G5	5	639
55	54	433/4	433/4	0.25	7/16	7/16	2/4	1	1	1/16		1/16	1		5	83	B5	5	639
56	55	217/2	217/2	0.5	0	0	2/4	2	1	1/8		1/8	1		0	36	C2	2	652
56	55	217/2	217/2	0.5	0	0	2/4	2	1	1/8		1/8	1		0	48	C3	3	652
56	55	435/4	435/4	0.5	1/16	1/16	2/4	1	1	1/8		1/8	1		4	52	E3	3	648
56	55	435/4	435/4	0.5	1/16	1/16	2/4	1	1	1/8		1/8	1		0	60	C4	4	648
56	55	109	109	0.5	1/8	1/8	2/4	2	1	1/8		1/8	1		1	67	G4	4	653
56	55	109	109	0.5	1/8	1/8	2/4	2	1	1/8		1/8	1		0	72	C5	5	653
56	55	109	109	0.5	1/8	1/8	2/4	2	1	1/8		1/8	1		4	76	E5	5	653
56	55	437/4	437/4	0.5	3/16	3/16	2/4	1	1	1/8		1/8	1		1	55	G3	3	649
56	55	437/4	437/4	0.5	3/16	3/16	2/4	1	1	1/8		1/8	1		4	64	E4	4	649
56	55	219/2	219/2	0.5	1/4	1/4	2/4	2	1	1/8		1/8	1		2	26	D1	1	654
56	55	219/2	219/2	0.5	1/4	1/4	2/4	2	1	1/8		1/8	1		2	38	D2	2	654
56	55	439/4	439/4	0.5	5/16	5/16	2/4	1	1	1/8		1/8	1		1	55	G3	3	650
56	55	439/4	439/4	0.5	5/16	5/16	2/4	1	1	1/8		1/8	1		3	57	A3	3	650
56	55	439/4	439/4	0.5	5/16	5/16	2/4	1	1	1/8		1/8	1		0	60	C4	4	650
56	55	439/4	439/4	0.5	5/16	5/16	2/4	1	1	1/8		1/8	1		4	64	E4	4	650
56	55	110	110	0.5	3/8	3/8	2/4	2	1	1/8		1/8	1		-1	65	F4	4	655
56	55	110	110	0.5	3/8	3/8	2/4	2	1	1/8		1/8	1		0	72	C5	5	655
56	55	110	110	0.5	3/8	3/8	2/4	2	1	1/8		1/8	1		2	74	D5	5	655
56	55	441/4	441/4	0.25	7/16	7/16	2/4	1	1	1/16		1/16	1		-1	53	F3	3	651
56	55	441/4	441/4	0.25	7/16	7/16	2/4	1	1	1/16		1/16	1		2	62	D4	4	651
57	56	221/2	221/2	0.5	0	0	2/4	2	1	1/8		1/8	1		1	31	G1	1	662
57	56	221/2	221/2	0.5	0	0	2/4	2	1	1/8		1/8	1		1	43	G2	2	662
57	56	443/4	443/4	0.5	1/16	1/16	2/4	1	1	1/8		1/8	1		3	57	A3	3	656
57	56	443/4	443/4	0.5	1/16	1/16	2/4	1	1	1/8		1/8	1		5	59	B3	3	656
57	56	443/4	443/4	0.5	1/16	1/16	2/4	1	1	1/8		1/8	1		2	62	D4	4	656
57	56	443/4	443/4	0.5	1/16	1/16	2/4	1	1	1/8		1/8	1		-1	65	F4	4	656
57	56	111	111	0.5	1/8	1/8	2/4	2	1	1/8		1/8	1		3	69	A4	4	663
57	56	111	111	0.5	1/8	1/8	2/4	2	1	1/8		1/8	1		5	71	B4	4	663
57	56	111	111	0.5	1/8	1/8	2/4	2	1	1/8		1/8	1		2	74	D5	5	663
57	56	111	111	0.5	1/8	1/8	2/4	2	1	1/8		1/8	1		-1	77	F5	5	663
57	56	445/4	445/4	0.25	3/16	3/16	2/4	1	1	1/16		1/16	1		5	59	B3	3	657
57	56	445/4	445/4	0.25	3/16	3/16	2/4	1	1	1/16		1/16	1		1	67	G4	4	657
57	56	223/2	223/2	0.5	1/4	1/4	2/4	2	1	1/8		1/8	1		0	24	C1	1	664
57	56	223/2	223/2	0.5	1/4	1/4	2/4	2	1	1/8		1/8	1		0	36	C2	2	664
57	56	223/2	223/2	0.5	1/4	1/4	2/4	1	1	1/8		1/8	1		-1	65	F4	4	658
57	56	447/4	447/4	0.5	5/16	5/16	2/4	1	2	1/8		1/8	1		3	57	A3	3	660
57	56	447/4	447/4	0.5	5/16	5/16	2/4	1	2	1/8		1/8	1		0	60	C4	4	660
57	56	112	112	0.5	3/8	3/8	2/4	1	1	1/8		1/8	1		4	64	E4	4	659
57	56	112	112	0.5	3/8	3/8	2/4	2	1	1/8		1/8	1		1	67	G4	4	665
57	56	112	112	0.5	3/8	3/8	2/4	2	1	1/8		1/8	1		0	72	C5	5	665
57	56	112	112	0.5	3/8	3/8	2/4	2	1	1/8		1/8	1		4	76	E5	5	665
57	56	449/4	449/4	0.25	7/16	7/16	2/4	1	2	1/16		1/16	1		1	55	G3	3	661
57	56	449/4	449/4	0.25	7/16	7/16	2/4	1	2	1/16		1/16	1		0	60	C4	4	661
58	57	225/2	225/2	0.5	0	0	2/4	2	1	1/8		1/8	1		-1	29	F1	1	674
58	57	225/2	225/2	0.5	0	0	2/4	2	1	1/8		1/8	1		-1	41	F2	2	674
58	57	451/4	451/4	0.75	1/16	1/16	2/4	1	2	3/16		1/8	3/2		0	60	C4	4	671
58	57	451/4	451/4	0.5	1/16	1/16	2/4	1	1	1/8		1/8	1		4	64	E4	4	666
58	57	451/4	451/4	0.5	1/16	1/16	2/4	1	1	1/8		1/8	1		3	69	A4	4	666
58	57	113	113	0.5	1/8	1/8	2/4	2	1	1/8		1/8	1		0	72	C5	5	675
58	57	113	113	0.5	1/8	1/8	2/4	2	1	1/8		1/8	1		4	76	E5	5	675
58	57	113	113	0.5	1/8	1/8	2/4	2	1	1/8		1/8	1		3	81	A5	5	675
58	57	453/4	453/4	0.25	3/16	3/16	2/4	1	1	1/16		1/16	1		-1	65	F4	4	667
58	57	453/4	453/4	0.25	3/16	3/16	2/4	1	1	1/16		1/16	1		5	71	B4	4	667
58	57	227/2	227/2	0.5	1/4	1/4	2/4	2	1	1/8		1/8	1		1	31	G1	1	676
58	57	227/2	227/2	0.5	1/4	1/4	2/4	2	1	1/8		1/8	1		1	43	G2	2	676
58	57	227/2	227/2	0.5	1/4	1/4	2/4	1	1	1/8		1/8	1		3	69	A4	4	668
58	57	455/4	455/4	0.5	5/16	5/16	2/4	1	2	1/8		1/8	1	1	5	59	B3	3	672
58	57	455/4	455/4	0.5	5/16	5/16	2/4	1	2	1/8		1/8	1		4	64	E4	4	672
58	57	455/4	455/4	0.5	5/16	5/16	2/4	1	2	1/8		1/8	1	1	-1	65	F4	4	672
58	57	114	114	0.25	3/8	3/8	2/4	1	1	1/16		1/16	1		1	67	G4	4	669
58	57	114	114	0.5	3/8	3/8	2/4	2	1	1/8		1/8	1		5	71	B4	4	677
58	57	114	114	0.5	3/8	3/8	2/4	2	1	1/8		1/8	1		-1	77	F5	5	677
58	57	114	114	0.5	3/8	3/8	2/4	2	1	1/8		1/8	1		1	79	G5	5	677
58	57	457/4	457/4	0.25	7/16	7/16	2/4	1	2	1/16		1/16	1	-1	5	59	B3	3	673
58	57	457/4	457/4	0.25	7/16	7/16	2/4	1	2	1/16		1/16	1		2	62	D4	4	673
58	57	457/4	457/4	0.25	7/16	7/16	2/4	1	1	1/16		1/16	1	-1	-1	65	F4	4	670
59	58	229/2	229/2	0.5	0	0	2/4	2	1	1/8		1/8	1		0	36	C2	2	686
59	58	229/2	229/2	0.5	0	0	2/4	2	1	1/8		1/8	1		0	48	C3	3	686
59	58	229/2	229/2	0.25	0	0	2/4	1	1	1/16		1/16	1		4	64	E4	4	678
59	58	459/4	459/4	0.5	1/16	1/16	2/4	1	2	1/8		1/8	1		5	59	B3	3	682
59	58	459/4	459/4	0.5	1/16	1/16	2/4	1	2	1/8		1/8	1		2	62	D4	4	682
59	58	459/4	459/4	0.25	1/16	1/16	2/4	1	1	1/16		1/16	1		-1	65	F4	4	679
59	58	115	115	1.0	1/8	1/8	2/4	1	1	1/4		1/4	1		1	67	G4	4	680
59	58	115	115	0.5	1/8	1/8	2/4	2	1	1/8		1/8	1		5	71	B4	4	687
59	58	115	115	0.5	1/8	1/8	2/4	2	1	1/8		1/8	1		4	76	E5	5	687
59	58	115	115	0.5	1/8	1/8	2/4	2	1	1/8		1/8	1		1	79	G5	5	687
59	58	461/4	461/4	0.25	3/16	3/16	2/4	1	2	1/16		1/16	1		0	60	C4	4	683
59	58	461/4	461/4	0.25	3/16	3/16	2/4	1	2	1/16		1/16	1		4	64	E4	4	683
59	58	231/2	231/2	0.5	1/4	1/4	2/4	2	1	1/8		1/8	1		-1	29	F1	1	688
59	58	231/2	231/2	0.5	1/4	1/4	2/4	2	1	1/8		1/8	1		-1	41	F2	2	688
59	58	463/4	463/4	0.5	5/16	5/16	2/4	1	2	1/8		1/8	1		5	59	B3	3	684
59	58	463/4	463/4	0.5	5/16	5/16	2/4	1	2	1/8		1/8	1		2	62	D4	4	684
59	58	116	116	0.5	3/8	3/8	2/4	1	1	1/8		1/8	1		3	69	A4	4	681
59	58	116	116	0.5	3/8	3/8	2/4	2	1	1/8		1/8	1		0	72	C5	5	689
59	58	116	116	0.5	3/8	3/8	2/4	2	1	1/8		1/8	1		-1	77	F5	5	689
59	58	116	116	0.5	3/8	3/8	2/4	2	1	1/8		1/8	1		3	81	A5	5	689
59	58	465/4	465/4	0.25	7/16	7/16	2/4	1	2	1/16		1/16	1		3	57	A3	3	685
59	58	465/4	465/4	0.25	7/16	7/16	2/4	1	2	1/16		1/16	1		0	60	C4	4	685
60	59	233/2	233/2	0.5	0	0	2/4	2	1	1/8		1/8	1		5	35	B1	1	698
60	59	233/2	233/2	0.5	0	0	2/4	2	1	1/8		1/8	1		5	47	B2	2	698
60	59	233/2	233/2	0.25	0	0	2/4	1	1	1/16		1/16	1		2	62	D4	4	690
60	59	467/4	467/4	0.5	1/16	1/16	2/4	1	2	1/8		1/8	1		3	57	A3	3	694
60	59	467/4	467/4	0.5	1/16	1/16	2/4	1	2	1/8		1/8	1		0	60	C4	4	694
60	59	467/4	467/4	0.25	1/16	1/16	2/4	1	1	1/16		1/16	1		4	64	E4	4	691
60	59	117	117	1.0	1/8	1/8	2/4	1	1	1/4		1/4	1		-1	65	F4	4	692
60	59	117	117	0.5	1/8	1/8	2/4	2	1	1/8		1/8	1		3	69	A4	4	699
60	59	117	117	0.5	1/8	1/8	2/4	2	1	1/8		1/8	1		2	74	D5	5	699
60	59	117	117	0.5	1/8	1/8	2/4	2	1	1/8		1/8	1		-1	77	F5	5	699
60	59	469/4	469/4	0.25	3/16	3/16	2/4	1	2	1/16		1/16	1		5	59	B3	3	695
60	59	469/4	469/4	0.25	3/16	3/16	2/4	1	2	1/16		1/16	1		2	62	D4	4	695
60	59	235/2	235/2	0.5	1/4	1/4	2/4	2	1	1/8		1/8	1		4	28	E1	1	700
60	59	235/2	235/2	0.5	1/4	1/4	2/4	2	1	1/8		1/8	1		4	40	E2	2	700
60	59	471/4	471/4	0.5	5/16	5/16	2/4	1	2	1/8		1/8	1		3	57	A3	3	696
60	59	471/4	471/4	0.5	5/16	5/16	2/4	1	2	1/8		1/8	1		0	60	C4	4	696
60	59	118	118	0.5	3/8	3/8	2/4	1	1	1/8		1/8	1		1	67	G4	4	693
60	59	118	118	0.5	3/8	3/8	2/4	2	1	1/8		1/8	1		5	71	B4	4	701
60	59	118	118	0.5	3/8	3/8	2/4	2	1	1/8		1/8	1		4	76	E5	5	701
60	59	118	118	0.5	3/8	3/8	2/4	2	1	1/8		1/8	1		1	79	G5	5	701
60	59	473/4	473/4	0.25	7/16	7/16	2/4	1	2	1/16		1/16	1		1	55	G3	3	697
60	59	473/4	473/4	0.25	7/16	7/16	2/4	1	2	1/16		1/16	1		5	59	B3	3	697
61	60	237/2	237/2	1.0	0	0	2/4	2	1	1/4		1/4	1		3	33	A1	1	714
61	60	237/2	237/2	1.0	0	0	2/4	2	1	1/4		1/4	1		3	45	A2	2	714
61	60	237/2	237/2	0.25	0	0	2/4	1	1	1/16		1/16	1		0	60	C4	4	702
61	60	475/4	475/4	0.25	1/16	1/16	2/4	1	2	1/16		1/16	1		1	55	G3	3	708
61	60	475/4	475/4	0.25	1/16	1/16	2/4	1	2	1/16		1/16	1		5	59	B3	3	708
61	60	475/4	475/4	0.25	1/16	1/16	2/4	1	1	1/16		1/16	1		2	62	D4	4	703
61	60	119	119	0.25	1/8	1/8	2/4	1	2	1/16		1/16	1		-1	53	F3	3	709
61	60	119	119	0.25	1/8	1/8	2/4	1	2	1/16		1/16	1		3	57	A3	3	709
61	60	119	119	0.5	1/8	1/8	2/4	1	1	1/8		1/8	1		4	64	E4	4	704
61	60	119	119	0.5	1/8	1/8	2/4	1	1	1/8		1/8	1		0	72	C5	5	704
61	60	119	119	0.5	1/8	1/8	2/4	1	1	1/8		1/8	1		4	76	E5	5	704
61	60	477/4	477/4	0.25	3/16	3/16	2/4	1	2	1/16		1/16	1		4	52	E3	3	710
61	60	477/4	477/4	0.25	3/16	3/16	2/4	1	2	1/16		1/16	1		1	55	G3	3	710
61	60	239/2	239/2	1.0	1/4	1/4	2/4	2	1	1/4		1/4	1		2	26	D1	1	715
61	60	239/2	239/2	1.0	1/4	1/4	2/4	2	1	1/4		1/4	1		2	38	D2	2	715
61	60	239/2	239/2	0.25	1/4	1/4	2/4	1	1	1/16		1/16	1		-1	65	F4	4	705
61	60	479/4	479/4	0.25	5/16	5/16	2/4	1	2	1/16		1/16	1		0	60	C4	4	711
61	60	479/4	479/4	0.25	5/16	5/16	2/4	1	2	1/16		1/16	1		4	64	E4	4	711
61	60	479/4	479/4	0.25	5/16	5/16	2/4	1	1	1/16		1/16	1		1	67	G4	4	706
61	60	120	120	0.25	3/8	3/8	2/4	1	2	1/16		1/16	1		5	59	B3	3	712
61	60	120	120	0.25	3/8	3/8	2/4	1	2	1/16		1/16	1		2	62	D4	4	712
61	60	120	120	0.5	3/8	3/8	2/4	1	1	1/8		1/8	1		3	69	A4	4	707
61	60	120	120	0.5	3/8	3/8	2/4	1	1	1/8		1/8	1		-1	77	F5	5	707
61	60	120	120	0.5	3/8	3/8	2/4	1	1	1/8		1/8	1		3	81	A5	5	707
61	60	481/4	481/4	0.25	7/16	7/16	2/4	1	2	1/16		1/16	1		3	57	A3	3	713
61	60	481/4	481/4	0.25	7/16	7/16	2/4	1	2	1/16		1/16	1		0	60	C4	4	713
62	61	241/2	241/2	0.5	0	0	2/4	2	1	1/8		1/8	1		1	31	G1	1	721
62	61	241/2	241/2	0.5	0	0	2/4	2	1	1/8		1/8	1		1	43	G2	2	721
62	61	483/4	483/4	0.25	1/16	1/16	2/4	1	1	1/16		1/16	1	1	4	64	E4	4	716
62	61	483/4	483/4	0.25	1/16	1/16	2/4	1	1	1/16		1/16	1	1	-1	65	F4	4	716
62	61	483/4	483/4	0.25	1/16	1/16	2/4	1	1	1/16		1/16	1	1	3	69	A4	4	716
62	61	483/4	483/4	0.25	1/16	1/16	2/4	1	1	1/16		1/16	1	1	0	72	C5	5	716
62	61	121	121	0.375	1/8	1/8	2/4	1	1	3/32		1/16	3/2	-1	4	64	E4	4	717
62	61	121	121	0.375	1/8	1/8	2/4	1	1	3/32		1/16	3/2	-1	-1	65	F4	4	717
62	61	121	121	0.375	1/8	1/8	2/4	1	1	3/32		1/16	3/2	-1	3	69	A4	4	717
62	61	121	121	0.375	1/8	1/8	2/4	1	1	3/32		1/16	3/2	-1	0	72	C5	5	717
62	61	121	121	0.5	1/8	1/8	2/4	2	1	1/8		1/8	1		4	76	E5	5	722
62	61	121	121	0.5	1/8	1/8	2/4	2	1	1/8		1/8	1		-1	77	F5	5	722
62	61	121	121	0.5	1/8	1/8	2/4	2	1	1/8		1/8	1		3	81	A5	5	722
62	61	121	121	0.5	1/8	1/8	2/4	2	1	1/8		1/8	1		0	84	C6	6	722
62	61	971/8	971/8	0.125	7/32	7/32	2/4	1	1	1/32		1/32	1		-1	65	F4	4	718
62	61	971/8	971/8	0.125	7/32	7/32	2/4	1	1	1/32		1/32	1		5	71	B4	4	718
62	61	971/8	971/8	0.125	7/32	7/32	2/4	1	1	1/32		1/32	1		2	74	D5	5	718
62	61	243/2	243/2	0.5	1/4	1/4	2/4	2	1	1/8		1/8	1		1	43	G2	2	723
62	61	243/2	243/2	0.5	1/4	1/4	2/4	2	1	1/8		1/8	1		1	55	G3	3	723
62	61	243/2	243/2	0.5	1/4	1/4	2/4	1	1	1/8		1/8	1		4	64	E4	4	719
62	61	243/2	243/2	0.5	1/4	1/4	2/4	1	1	1/8		1/8	1		3	69	A4	4	719
62	61	243/2	243/2	0.5	1/4	1/4	2/4	1	1	1/8		1/8	1		0	72	C5	5	719
62	61	122	122	0.5	3/8	3/8	2/4	1	1	1/8		1/8	1		2	62	D4	4	720
62	61	122	122	0.5	3/8	3/8	2/4	1	1	1/8		1/8	1		1	67	G4	4	720
62	61	122	122	0.5	3/8	3/8	2/4	1	1	1/8		1/8	1		5	71	B4	4	720
62	61	122	122	0.5	3/8	3/8	2/4	2	1	1/8		1/8	1		2	74	D5	5	724
62	61	122	122	0.5	3/8	3/8	2/4	2	1	1/8		1/8	1		-1	77	F5	5	724
62	61	122	122	0.5	3/8	3/8	2/4	2	1	1/8		1/8	1		1	79	G5	5	724
62	61	122	122	0.5	3/8	3/8	2/4	2	1	1/8		1/8	1		5	83	B5	5	724
63	62	245/2	245/2	0.5	0	0	2/4	2	1	1/8		1/8	1		0	36	C2	2	729
63	62	245/2	245/2	0.5	0	0	2/4	2	1	1/8		1/8	1		0	48	C3	3	729
63	62	245/2	245/2	0.5	0	0	2/4	1	1	1/8		1/8	1		4	52	E3	3	725
63	62	245/2	245/2	0.5	0	0	2/4	1	1	1/8		1/8	1		0	60	C4	4	725
63	62	123	123	0.5	1/8	1/8	2/4	1	1	1/8		1/8	1		1	55	G3	3	726
63	62	123	123	0.5	1/8	1/8	2/4	1	1	1/8		1/8	1		4	64	E4	4	726
63	62	123	123	0.5	1/8	1/8	2/4	2	1	1/8		1/8	1		1	67	G4	4	730
63	62	123	123	0.5	1/8	1/8	2/4	2	1	1/8		1/8	1		0	72	C5	5	730
63	62	123	123	0.5	1/8	1/8	2/4	2	1	1/8		1/8	1		4	76	E5	5	730
63	62	247/2	247/2	0.5	1/4	1/4	2/4	2	1	1/8		1/8	1		2	26	D1	1	731
63	62	247/2	247/2	0.5	1/4	1/4	2/4	2	1	1/8		1/8	1		2	38	D2	2	731
63	62	247/2	247/2	0.5	1/4	1/4	2/4	1	1	1/8		1/8	1		1	55	G3	3	727
63	62	247/2	247/2	0.5	1/4	1/4	2/4	1	1	1/8		1/8	1		3	57	A3	3	727
63	62	247/2	247/2	0.5	1/4	1/4	2/4	1	1	1/8		1/8	1		0	60	C4	4	727
63	62	247/2	247/2	0.5	1/4	1/4	2/4	1	1	1/8		1/8	1		4	64	E4	4	727
63	62	124	124	0.5	3/8	3/8	2/4	1	1	1/8		1/8	1		-1	53	F3	3	728
63	62	124	124	0.5	3/8	3/8	2/4	1	1	1/8		1/8	1		2	62	D4	4	728
63	62	124	124	0.5	3/8	3/8	2/4	2	1	1/8		1/8	1		-1	65	F4	4	732
63	62	124	124	0.5	3/8	3/8	2/4	2	1	1/8		1/8	1		0	72	C5	5	732
63	62	124	124	0.5	3/8	3/8	2/4	2	1	1/8		1/8	1		2	74	D5	5	732
64	63	249/2	249/2	0.5	0	0	2/4	2	1	1/8		1/8	1		1	31	G1	1	737
64	63	249/2	249/2	0.5	0	0	2/4	2	1	1/8		1/8	1		1	43	G2	2	737
64	63	249/2	249/2	0.75	0	0	2/4	1	1	3/16		1/8	3/2		3	57	A3	3	733
64	63	249/2	249/2	0.75	0	0	2/4	1	1	3/16		1/8	3/2		5	59	B3	3	733
64	63	249/2	249/2	0.75	0	0	2/4	1	1	3/16		1/8	3/2		2	62	D4	4	733
64	63	249/2	249/2	0.75	0	0	2/4	1	1	3/16		1/8	3/2		-1	65	F4	4	733
64	63	125	125	0.5	1/8	1/8	2/4	2	1	1/8		1/8	1		3	69	A4	4	738
64	63	125	125	0.5	1/8	1/8	2/4	2	1	1/8		1/8	1		5	71	B4	4	738
64	63	125	125	0.5	1/8	1/8	2/4	2	1	1/8		1/8	1		2	74	D5	5	738
64	63	125	125	0.5	1/8	1/8	2/4	2	1	1/8		1/8	1		-1	77	F5	5	738
64	63	501/4	501/4	0.25	3/16	3/16	2/4	1	1	1/16		1/16	1		5	59	B3	3	734
64	63	501/4	501/4	0.25	3/16	3/16	2/4	1	1	1/16		1/16	1		1	67	G4	4	734
64	63	251/2	251/2	0.5	1/4	1/4	2/4	2	1	1/8		1/8	1		0	24	C1	1	739
64	63	251/2	251/2	0.5	1/4	1/4	2/4	2	1	1/8		1/8	1		0	36	C2	2	739
64	63	251/2	251/2	0.5	1/4	1/4	2/4	1	1	1/8		1/8	1		3	57	A3	3	735
64	63	251/2	251/2	0.5	1/4	1/4	2/4	1	1	1/8		1/8	1		0	60	C4	4	735
64	63	251/2	251/2	0.5	1/4	1/4	2/4	1	1	1/8		1/8	1		-1	65	F4	4	735
64	63	126	126	0.5	3/8	3/8	2/4	1	1	1/8		1/8	1		1	55	G3	3	736
64	63	126	126	0.5	3/8	3/8	2/4	1	1	1/8		1/8	1		4	64	E4	4	736
64	63	126	126	0.5	3/8	3/8	2/4	2	1	1/8		1/8	1		1	67	G4	4	740
64	63	126	126	0.5	3/8	3/8	2/4	2	1	1/8		1/8	1		0	72	C5	5	740
64	63	126	126	0.5	3/8	3/8	2/4	2	1	1/8		1/8	1		4	76	E5	5	740
65	64	253/2	253/2	0.5	0	0	2/4	2	1	1/8		1/8	1		-1	29	F1	1	748
65	64	253/2	253/2	0.5	0	0	2/4	2	1	1/8		1/8	1		-1	41	F2	2	748
65	64	253/2	253/2	0.75	0	0	2/4	1	1	3/16		1/8	3/2		0	60	C4	4	741
65	64	253/2	253/2	1.0	0	0	2/4	1	2	1/4		1/4	1		4	64	E4	4	746
65	64	253/2	253/2	0.75	0	0	2/4	1	1	3/16		1/8	3/2		3	69	A4	4	741
65	64	127	127	0.5	1/8	1/8	2/4	2	1	1/8		1/8	1		0	72	C5	5	749
65	64	127	127	0.5	1/8	1/8	2/4	2	1	1/8		1/8	1		4	76	E5	5	749
65	64	127	127	0.5	1/8	1/8	2/4	2	1	1/8		1/8	1		3	81	A5	5	749
65	64	509/4	509/4	0.25	3/16	3/16	2/4	1	1	1/16		1/16	1		2	62	D4	4	742
65	64	509/4	509/4	0.25	3/16	3/16	2/4	1	1	1/16		1/16	1		5	71	B4	4	742
65	64	255/2	255/2	0.5	1/4	1/4	2/4	2	1	1/8		1/8	1		5	23	B0	0	750
65	64	255/2	255/2	0.5	1/4	1/4	2/4	2	1	1/8		1/8	1		5	35	B1	1	750
65	64	255/2	255/2	0.5	1/4	1/4	2/4	1	1	1/8		1/8	1		0	60	C4	4	743
65	64	255/2	255/2	1.0	1/4	1/4	2/4	1	2	1/4		1/4	1		9	63	D#4	4	747
65	64	255/2	255/2	0.5	1/4	1/4	2/4	1	1	1/8		1/8	1		3	69	A4	4	743
65	64	128	128	0.25	3/8	3/8	2/4	1	1	1/16		1/16	1		5	59	B3	3	744
65	64	128	128	0.25	3/8	3/8	2/4	1	1	1/16		1/16	1		8	68	G#4	4	744
65	64	128	128	0.5	3/8	3/8	2/4	2	1	1/8		1/8	1		5	71	B4	4	751
65	64	128	128	0.5	3/8	3/8	2/4	2	1	1/8		1/8	1		9	75	D#5	5	751
65	64	128	128	0.5	3/8	3/8	2/4	2	1	1/8		1/8	1		8	80	G#5	5	751
65	64	513/4	513/4	0.25	7/16	7/16	2/4	1	1	1/16		1/16	1		3	57	A3	3	745
65	64	513/4	513/4	0.25	7/16	7/16	2/4	1	1	1/16		1/16	1		6	66	F#4	4	745
66	65	257/2	257/2	0.5	0	0	2/4	2	1	1/8		1/8	1		4	28	E1	1	761
66	65	257/2	257/2	0.5	0	0	2/4	2	1	1/8		1/8	1		4	40	E2	2	761
66	65	257/2	257/2	0.5	0	0	2/4	1	2	1/8		1/8	1		8	56	G#3	3	757
66	65	257/2	257/2	0.5	0	0	2/4	1	2	1/8		1/8	1		4	64	E4	4	757
66	65	257/2	257/2	0.25	0	0	2/4	1	1	1/16		1/16	1		8	68	G#4	4	752
66	65	515/4	515/4	0.25	1/16	1/16	2/4	1	1	1/16		1/16	1		3	69	A4	4	753
66	65	129	129	0.5	1/8	1/8	2/4	1	2	1/8		1/8	1		2	62	D4	4	758
66	65	129	129	0.5	1/8	1/8	2/4	1	2	1/8		1/8	1		6	66	F#4	4	758
66	65	129	129	1.0	1/8	1/8	2/4	1	1	1/4		1/4	1		5	71	B4	4	754
66	65	129	129	0.5	1/8	1/8	2/4	2	1	1/8		1/8	1		2	74	D5	5	762
66	65	129	129	0.5	1/8	1/8	2/4	2	1	1/8		1/8	1		6	78	F#5	5	762
66	65	129	129	0.5	1/8	1/8	2/4	2	1	1/8		1/8	1		5	83	B5	5	762
66	65	259/2	259/2	0.5	1/4	1/4	2/4	2	1	1/8		1/8	1		3	33	A1	1	763
66	65	259/2	259/2	0.5	1/4	1/4	2/4	2	1	1/8		1/8	1		3	45	A2	2	763
66	65	259/2	259/2	0.5	1/4	1/4	2/4	1	2	1/8		1/8	1		0	60	C4	4	759
66	65	259/2	259/2	0.5	1/4	1/4	2/4	1	2	1/8		1/8	1		4	64	E4	4	759
66	65	130	130	0.5	3/8	3/8	2/4	1	2	1/8		1/8	1		1	67	G4	4	760
66	65	130	130	0.25	3/8	3/8	2/4	1	1	1/16		1/16	1		3	69	A4	4	755
66	65	130	130	0.5	3/8	3/8	2/4	2	1	1/8		1/8	1		0	72	C5	5	764
66	65	130	130	0.5	3/8	3/8	2/4	2	1	1/8		1/8	1		4	76	E5	5	764
66	65	130	130	0.5	3/8	3/8	2/4	2	1	1/8		1/8	1		3	81	A5	5	764
66	65	521/4	521/4	0.25	7/16	7/16	2/4	1	1	1/16		1/16	1		8	68	G#4	4	756
67	66	261/2	261/2	0.5	0	0	2/4	2	1	1/8		1/8	1		2	26	D1	1	775
67	66	261/2	261/2	0.5	0	0	2/4	2	1	1/8		1/8	1		2	38	D2	2	775
67	66	261/2	261/2	0.5	0	0	2/4	1	2	1/8		1/8	1		-1	65	F4	4	771
67	66	261/2	261/2	0.25	0	0	2/4	1	1	1/16		1/16	1		3	69	A4	4	765
67	66	523/4	523/4	0.25	1/16	1/16	2/4	1	1	1/16		1/16	1		5	71	B4	4	766
67	66	131	131	0.5	1/8	1/8	2/4	1	2	1/8		1/8	1		4	64	E4	4	772
67	66	131	131	0.5	1/8	1/8	2/4	1	1	1/8		1/8	1		0	72	C5	5	767
67	66	131	131	0.5	1/8	1/8	2/4	2	1	1/8		1/8	1		4	76	E5	5	776
67	66	131	131	0.5	1/8	1/8	2/4	2	1	1/8		1/8	1		3	81	A5	5	776
67	66	131	131	0.5	1/8	1/8	2/4	2	1	1/8		1/8	1		0	84	C6	6	776
67	66	263/2	263/2	0.5	1/4	1/4	2/4	2	1	1/8		1/8	1		1	31	G1	1	777
67	66	263/2	263/2	0.5	1/4	1/4	2/4	2	1	1/8		1/8	1		1	43	G2	2	777
67	66	263/2	263/2	0.5	1/4	1/4	2/4	1	2	1/8		1/8	1		2	62	D4	4	773
67	66	263/2	263/2	0.25	1/4	1/4	2/4	1	1	1/16		1/16	1		5	71	B4	4	768
67	66	527/4	527/4	0.25	5/16	5/16	2/4	1	1	1/16		1/16	1		0	72	C5	5	769
67	66	132	132	0.5	3/8	3/8	2/4	1	2	1/8		1/8	1		-1	65	F4	4	774
67	66	132	132	0.5	3/8	3/8	2/4	1	2	1/8		1/8	1		3	69	A4	4	774
67	66	132	132	0.5	3/8	3/8	2/4	1	1	1/8		1/8	1		2	74	D5	5	770
67	66	132	132	0.5	3/8	3/8	2/4	2	1	1/8		1/8	1		-1	77	F5	5	778
67	66	132	132	0.5	3/8	3/8	2/4	2	1	1/8		1/8	1		5	83	B5	5	778
67	66	132	132	0.5	3/8	3/8	2/4	2	1	1/8		1/8	1		2	86	D6	6	778
68	67	265/2	265/2	0.5	0	0	2/4	2	1	1/8		1/8	1		0	24	C1	1	789
68	67	265/2	265/2	0.5	0	0	2/4	2	1	1/8		1/8	1		0	36	C2	2	789
68	67	265/2	265/2	0.5	0	0	2/4	1	2	1/8		1/8	1		4	64	E4	4	786
68	67	265/2	265/2	0.5	0	0	2/4	1	2	1/8		1/8	1		8	68	G#4	4	786
68	67	265/2	265/2	0.25	0	0	2/4	1	1	1/16		1/16	1		0	72	C5	5	779
68	67	531/4	531/4	0.25	1/16	1/16	2/4	1	1	1/16		1/16	1		2	74	D5	5	780
68	67	133	133	0.5	1/8	1/8	2/4	1	2	1/8		1/8	1		2	62	D4	4	787
68	67	133	133	0.5	1/8	1/8	2/4	1	2	1/8		1/8	1		1	67	G4	4	787
68	67	133	133	0.5	1/8	1/8	2/4	1	2	1/8		1/8	1		5	71	B4	4	787
68	67	133	133	1.0	1/8	1/8	2/4	1	1	1/4		1/4	1		4	76	E5	5	781
68	67	133	133	0.5	1/8	1/8	2/4	2	1	1/8		1/8	1		1	79	G5	5	790
68	67	133	133	0.5	1/8	1/8	2/4	2	1	1/8		1/8	1		0	84	C6	6	790
68	67	133	133	0.5	1/8	1/8	2/4	2	1	1/8		1/8	1		4	88	E6	6	790
68	67	267/2	267/2	0.5	1/4	1/4	2/4	2	1	1/8		1/8	1		2	26	D1	1	791
68	67	267/2	267/2	0.5	1/4	1/4	2/4	2	1	1/8		1/8	1		2	38	D2	2	791
68	67	267/2	267/2	0.5	1/4	1/4	2/4	1	2	1/8		1/8	1		0	60	C4	4	788
68	67	267/2	267/2	0.5	1/4	1/4	2/4	1	2	1/8		1/8	1		6	66	F#4	4	788
68	67	267/2	267/2	0.5	1/4	1/4	2/4	1	2	1/8		1/8	1		3	69	A4	4	788
68	67	134	134	0.0	3/8	3/8	2/4	1	1	0	grace16	1/16	1		2	74	D5	5	782
68	67	134	134	0.0	3/8	3/8	2/4	1	1	0	grace16	1/16	1	1	6	78	F#5	5	783
68	67	134	134	0.0	3/8	3/8	2/4	1	1	0	grace16	1/16	1	1	2	86	D6	6	783
68	67	134	134	0.25	3/8	3/8	2/4	2	1	1/16		1/16	1		5	59	B3	3	792
68	67	134	134	0.25	3/8	3/8	2/4	2	1	1/16		1/16	1		6	66	F#4	4	792
68	67	134	134	0.25	3/8	3/8	2/4	2	1	1/16		1/16	1		-4	68	Ab4	4	792
68	67	134	134	0.25	3/8	3/8	2/4	2	1	1/16		1/16	1		2	74	D5	5	792
68	67	134	134	0.25	3/8	3/8	2/4	1	1	1/16		1/16	1	-1	6	78	F#5	5	784
68	67	134	134	0.25	3/8	3/8	2/4	1	1	1/16		1/16	1	-1	2	86	D6	6	784
68	67	537/4	537/4	0.25	7/16	7/16	2/4	2	1	1/16		1/16	1		0	60	C4	4	793
68	67	537/4	537/4	0.25	7/16	7/16	2/4	1	1	1/16		1/16	1		0	72	C5	5	785
68	67	537/4	537/4	0.25	7/16	7/16	2/4	1	1	1/16		1/16	1		0	84	C6	6	785
69	68	269/2	269/2	0.5	0	0	2/4	2	1	1/8		1/8	1		1	55	G3	3	798
69	68	269/2	269/2	0.5	0	0	2/4	2	1	1/8		1/8	1		0	60	C4	4	798
69	68	269/2	269/2	0.5	0	0	2/4	2	1	1/8		1/8	1		4	64	E4	4	798
69	68	269/2	269/2	0.5	0	0	2/4	2	1	1/8		1/8	1		1	67	G4	4	798
69	68	269/2	269/2	0.5	0	0	2/4	1	1	1/8		1/8	1		1	79	G5	5	794
69	68	269/2	269/2	0.5	0	0	2/4	1	1	1/8		1/8	1		0	84	C6	6	794
69	68	269/2	269/2	0.5	0	0	2/4	1	1	1/8		1/8	1		4	88	E6	6	794
69	68	269/2	269/2	0.5	0	0	2/4	1	1	1/8		1/8	1		1	91	G6	6	794
69	68	135	135	1.5	1/8	1/8	2/4	2	2	3/8		1/4	3/2		1	31	G1	1	802
69	68	135	135	0.5	1/8	1/8	2/4	2	1	1/8		1/8	1		0	36	C2	2	799
69	68	135	135	0.5	1/8	1/8	2/4	1	1	1/8		1/8	1		4	52	E3	3	795
69	68	135	135	0.5	1/8	1/8	2/4	1	1	1/8		1/8	1		3	57	A3	3	795
69	68	135	135	0.5	1/8	1/8	2/4	1	1	1/8		1/8	1		0	60	C4	4	795
69	68	271/2	271/2	0.5	1/4	1/4	2/4	2	1	1/8		1/8	1		-5	37	Db2	2	800
69	68	271/2	271/2	0.5	1/4	1/4	2/4	1	1	1/8		1/8	1		-1	53	F3	3	796
69	68	271/2	271/2	0.5	1/4	1/4	2/4	1	1	1/8		1/8	1		-4	56	Ab3	3	796
69	68	271/2	271/2	0.5	1/4	1/4	2/4	1	1	1/8		1/8	1		5	59	B3	3	796
69	68	136	136	0.5	3/8	3/8	2/4	2	1	1/8		1/8	1		-1	41	F2	2	801
69	68	136	136	0.5	3/8	3/8	2/4	1	1	1/8		1/8	1		4	52	E3	3	797
69	68	136	136	0.5	3/8	3/8	2/4	1	1	1/8		1/8	1		3	57	A3	3	797
69	68	136	136	0.5	3/8	3/8	2/4	1	1	1/8		1/8	1		0	60	C4	4	797
70	69	273/2	273/2	0.5	0	0	2/4	2	1	1/8		1/8	1		1	43	G2	2	807
70	69	273/2	273/2	0.5	0	0	2/4	2	1	1/8		1/8	1		2	50	D3	3	807
70	69	273/2	273/2	0.5	0	0	2/4	2	1	1/8		1/8	1		5	59	B3	3	807
70	69	273/2	273/2	0.5	0	0	2/4	1	1	1/8		1/8	1		1	67	G4	4	803
70	69	273/2	273/2	0.5	0	0	2/4	1	1	1/8		1/8	1		5	71	B4	4	803
70	69	273/2	273/2	0.5	0	0	2/4	1	1	1/8		1/8	1		1	79	G5	5	803
70	69	137	137	1.5	1/8	1/8	2/4	2	2	3/8		1/4	3/2		1	31	G1	1	811
70	69	137	137	0.5	1/8	1/8	2/4	2	1	1/8		1/8	1		2	38	D2	2	808
70	69	137	137	0.5	1/8	1/8	2/4	1	1	1/8		1/8	1		-1	53	F3	3	804
70	69	137	137	0.5	1/8	1/8	2/4	1	1	1/8		1/8	1		-2	58	Bb3	3	804
70	69	137	137	0.5	1/8	1/8	2/4	1	1	1/8		1/8	1		2	62	D4	4	804
70	69	275/2	275/2	0.5	1/4	1/4	2/4	2	1	1/8		1/8	1		-3	39	Eb2	2	809
70	69	275/2	275/2	0.5	1/4	1/4	2/4	1	1	1/8		1/8	1		6	54	F#3	3	805
70	69	275/2	275/2	0.5	1/4	1/4	2/4	1	1	1/8		1/8	1		3	57	A3	3	805
70	69	275/2	275/2	0.5	1/4	1/4	2/4	1	1	1/8		1/8	1		7	61	C#4	4	805
70	69	138	138	0.5	3/8	3/8	2/4	2	1	1/8		1/8	1		1	43	G2	2	810
70	69	138	138	0.5	3/8	3/8	2/4	1	1	1/8		1/8	1		-1	53	F3	3	806
70	69	138	138	0.5	3/8	3/8	2/4	1	1	1/8		1/8	1		-2	58	Bb3	3	806
70	69	138	138	0.5	3/8	3/8	2/4	1	1	1/8		1/8	1		2	62	D4	4	806
71	70	277/2	277/2	0.5	0	0	2/4	2	1	1/8		1/8	1		3	45	A2	2	816
71	70	277/2	277/2	0.5	0	0	2/4	2	1	1/8		1/8	1		4	52	E3	3	816
71	70	277/2	277/2	0.5	0	0	2/4	2	1	1/8		1/8	1		7	61	C#4	4	816
71	70	277/2	277/2	0.5	0	0	2/4	1	1	1/8		1/8	1		1	67	G4	4	812
71	70	277/2	277/2	0.5	0	0	2/4	1	1	1/8		1/8	1		3	69	A4	4	812
71	70	277/2	277/2	0.5	0	0	2/4	1	1	1/8		1/8	1		7	73	C#5	5	812
71	70	277/2	277/2	0.5	0	0	2/4	1	1	1/8		1/8	1		1	79	G5	5	812
71	70	139	139	1.0	1/8	1/8	2/4	2	2	1/4		1/4	1		1	31	G1	1	820
71	70	139	139	0.5	1/8	1/8	2/4	2	1	1/8		1/8	1		-1	41	F2	2	817
71	70	139	139	0.5	1/8	1/8	2/4	1	1	1/8		1/8	1		-4	56	Ab3	3	813
71	70	139	139	0.5	1/8	1/8	2/4	1	1	1/8		1/8	1		-5	61	Db4	4	813
71	70	139	139	0.5	1/8	1/8	2/4	1	1	1/8		1/8	1		-1	65	F4	4	813
71	70	279/2	279/2	0.5	1/4	1/4	2/4	2	1	1/8		1/8	1		6	42	F#2	2	818
71	70	279/2	279/2	0.5	1/4	1/4	2/4	1	1	1/8		1/8	1		3	57	A3	3	814
71	70	279/2	279/2	0.5	1/4	1/4	2/4	1	1	1/8		1/8	1		0	60	C4	4	814
71	70	279/2	279/2	0.5	1/4	1/4	2/4	1	1	1/8		1/8	1		4	64	E4	4	814
71	70	140	140	0.5	3/8	3/8	2/4	2	2	1/8		1/8	1	1	1	31	G1	1	821
71	70	140	140	0.5	3/8	3/8	2/4	2	1	1/8		1/8	1		1	43	G2	2	819
71	70	140	140	0.5	3/8	3/8	2/4	1	1	1/8		1/8	1		-2	58	Bb3	3	815
71	70	140	140	0.5	3/8	3/8	2/4	1	1	1/8		1/8	1		-3	63	Eb4	4	815
71	70	140	140	0.5	3/8	3/8	2/4	1	1	1/8		1/8	1		1	67	G4	4	815
72	71	281/2	281/2	0.5	0	0	2/4	2	2	1/8		1/8	1	-1	1	31	G1	1	830
72	71	281/2	281/2	0.5	0	0	2/4	2	1	1/8		1/8	1		8	44	G#2	2	826
72	71	281/2	281/2	0.5	0	0	2/4	1	1	1/8		1/8	1		5	59	B3	3	822
72	71	281/2	281/2	0.5	0	0	2/4	1	1	1/8		1/8	1		2	62	D4	4	822
72	71	281/2	281/2	0.5	0	0	2/4	1	1	1/8		1/8	1		6	66	F#4	4	822
72	71	141	141	1.0	1/8	1/8	2/4	2	2	1/4		1/4	1		1	31	G1	1	831
72	71	141	141	0.5	1/8	1/8	2/4	2	1	1/8		1/8	1		3	45	A2	2	827
72	71	141	141	0.5	1/8	1/8	2/4	1	1	1/8		1/8	1		0	60	C4	4	823
72	71	141	141	0.5	1/8	1/8	2/4	1	1	1/8		1/8	1		-1	65	F4	4	823
72	71	141	141	0.5	1/8	1/8	2/4	1	1	1/8		1/8	1		3	69	A4	4	823
72	71	283/2	283/2	0.5	1/4	1/4	2/4	2	1	1/8		1/8	1		5	47	B2	2	828
72	71	283/2	283/2	0.5	1/4	1/4	2/4	1	1	1/8		1/8	1		2	62	D4	4	824
72	71	283/2	283/2	0.5	1/4	1/4	2/4	1	1	1/8		1/8	1		4	64	E4	4	824
72	71	283/2	283/2	0.5	1/4	1/4	2/4	1	1	1/8		1/8	1		8	68	G#4	4	824
72	71	142	142	0.5	3/8	3/8	2/4	2	1	1/8		1/8	1		0	36	C2	2	829
72	71	142	142	0.5	3/8	3/8	2/4	2	1	1/8		1/8	1		4	52	E3	3	829
72	71	142	142	0.5	3/8	3/8	2/4	1	1	1/8		1/8	1		0	60	C4	4	825
72	71	142	142	0.5	3/8	3/8	2/4	1	1	1/8		1/8	1		4	64	E4	4	825
72	71	142	142	0.5	3/8	3/8	2/4	1	1	1/8		1/8	1		3	69	A4	4	825
72	71	142	142	0.5	3/8	3/8	2/4	1	1	1/8		1/8	1		0	72	C5	5	825
73	72	285/2	285/2	0.5	0	0	2/4	2	1	1/8		1/8	1		-5	37	Db2	2	836
73	72	285/2	285/2	0.5	0	0	2/4	2	1	1/8		1/8	1		-1	53	F3	3	836
73	72	285/2	285/2	0.5	0	0	2/4	1	1	1/8		1/8	1		5	59	B3	3	832
73	72	285/2	285/2	0.5	0	0	2/4	1	1	1/8		1/8	1		-1	65	F4	4	832
73	72	285/2	285/2	0.5	0	0	2/4	1	1	1/8		1/8	1		8	68	G#4	4	832
73	72	285/2	285/2	0.5	0	0	2/4	1	1	1/8		1/8	1		5	71	B4	4	832
73	72	143	143	0.5	1/8	1/8	2/4	2	1	1/8		1/8	1		-1	41	F2	2	837
73	72	143	143	0.5	1/8	1/8	2/4	2	1	1/8		1/8	1		4	52	E3	3	837
73	72	143	143	0.5	1/8	1/8	2/4	1	1	1/8		1/8	1		0	60	C4	4	833
73	72	143	143	0.5	1/8	1/8	2/4	1	1	1/8		1/8	1		4	64	E4	4	833
73	72	143	143	0.5	1/8	1/8	2/4	1	1	1/8		1/8	1		3	69	A4	4	833
73	72	143	143	0.5	1/8	1/8	2/4	1	1	1/8		1/8	1		0	72	C5	5	833
73	72	287/2	287/2	0.5	1/4	1/4	2/4	2	1	1/8		1/8	1		1	43	G2	2	838
73	72	287/2	287/2	0.5	1/4	1/4	2/4	2	1	1/8		1/8	1		2	50	D3	3	838
73	72	287/2	287/2	0.5	1/4	1/4	2/4	1	1	1/8		1/8	1		5	59	B3	3	834
73	72	287/2	287/2	0.5	1/4	1/4	2/4	1	1	1/8		1/8	1		2	62	D4	4	834
73	72	287/2	287/2	0.5	1/4	1/4	2/4	1	1	1/8		1/8	1		1	67	G4	4	834
73	72	287/2	287/2	0.5	1/4	1/4	2/4	1	1	1/8		1/8	1		5	71	B4	4	834
73	72	144	144	0.5	3/8	3/8	2/4	2	1	1/8		1/8	1		0	36	C2	2	839
73	72	144	144	0.5	3/8	3/8	2/4	2	1	1/8		1/8	1		4	52	E3	3	839
73	72	144	144	0.5	3/8	3/8	2/4	1	1	1/8		1/8	1		0	60	C4	4	835
73	72	144	144	0.5	3/8	3/8	2/4	1	1	1/8		1/8	1		4	64	E4	4	835
73	72	144	144	0.5	3/8	3/8	2/4	1	1	1/8		1/8	1		3	69	A4	4	835
73	72	144	144	0.5	3/8	3/8	2/4	1	1	1/8		1/8	1		0	72	C5	5	835
74	73	289/2	289/2	0.5	0	0	2/4	2	1	1/8		1/8	1		-5	37	Db2	2	845
74	73	289/2	289/2	0.5	0	0	2/4	2	1	1/8		1/8	1		-1	53	F3	3	845
74	73	289/2	289/2	0.375	0	0	2/4	1	1	3/32		1/16	3/2		-3	63	Eb4	4	840
74	73	289/2	289/2	0.375	0	0	2/4	1	1	3/32		1/16	3/2		-4	68	Ab4	4	840
74	73	289/2	289/2	0.375	0	0	2/4	1	1	3/32		1/16	3/2		5	71	B4	4	840
74	73	289/2	289/2	0.375	0	0	2/4	1	1	3/32		1/16	3/2		-3	75	Eb5	5	840
74	73	1159/8	1159/8	0.125	3/32	3/32	2/4	1	1	1/32		1/32	1		-5	61	Db4	4	841
74	73	1159/8	1159/8	0.125	3/32	3/32	2/4	1	1	1/32		1/32	1		-5	73	Db5	5	841
74	73	145	145	0.5	1/8	1/8	2/4	2	1	1/8		1/8	1		-1	41	F2	2	846
74	73	145	145	0.5	1/8	1/8	2/4	2	1	1/8		1/8	1		4	52	E3	3	846
74	73	145	145	0.5	1/8	1/8	2/4	1	1	1/8		1/8	1		0	60	C4	4	842
74	73	145	145	0.5	1/8	1/8	2/4	1	1	1/8		1/8	1		4	64	E4	4	842
74	73	145	145	0.5	1/8	1/8	2/4	1	1	1/8		1/8	1		3	69	A4	4	842
74	73	145	145	0.5	1/8	1/8	2/4	1	1	1/8		1/8	1		0	72	C5	5	842
74	73	291/2	291/2	0.5	1/4	1/4	2/4	2	1	1/8		1/8	1		1	43	G2	2	847
74	73	291/2	291/2	0.5	1/4	1/4	2/4	2	1	1/8		1/8	1		2	50	D3	3	847
74	73	291/2	291/2	0.5	1/4	1/4	2/4	1	1	1/8		1/8	1		5	59	B3	3	843
74	73	291/2	291/2	0.5	1/4	1/4	2/4	1	1	1/8		1/8	1		2	62	D4	4	843
74	73	291/2	291/2	0.5	1/4	1/4	2/4	1	1	1/8		1/8	1		1	67	G4	4	843
74	73	291/2	291/2	0.5	1/4	1/4	2/4	1	1	1/8		1/8	1		5	71	B4	4	843
74	73	146	146	0.5	3/8	3/8	2/4	2	1	1/8		1/8	1		0	36	C2	2	848
74	73	146	146	0.5	3/8	3/8	2/4	2	1	1/8		1/8	1		4	52	E3	3	848
74	73	146	146	0.5	3/8	3/8	2/4	1	1	1/8		1/8	1		0	60	C4	4	844
74	73	146	146	0.5	3/8	3/8	2/4	1	1	1/8		1/8	1		4	64	E4	4	844
74	73	146	146	0.5	3/8	3/8	2/4	1	1	1/8		1/8	1		3	69	A4	4	844
74	73	146	146	0.5	3/8	3/8	2/4	1	1	1/8		1/8	1		0	72	C5	5	844
75	74	293/2	293/2	0.5	0	0	2/4	2	1	1/8		1/8	1		-5	37	Db2	2	860
75	74	293/2	293/2	0.5	0	0	2/4	2	1	1/8		1/8	1		-1	53	F3	3	860
75	74	293/2	293/2	0.5	0	0	2/4	1	1	1/8		1/8	1	1	1	67	G4	4	849
75	74	293/2	293/2	0.5	0	0	2/4	1	2	1/8		1/8	1		5	71	B4	4	858
75	74	293/2	293/2	0.5	0	0	2/4	1	2	1/8		1/8	1		-3	75	Eb5	5	858
75	74	293/2	293/2	0.5	0	0	2/4	1	1	1/8		1/8	1	1	1	79	G5	5	849
75	74	147	147	0.25	1/8	1/8	2/4	2	1	1/16		1/16	1		-3	39	Eb2	2	861
75	74	147	147	0.25	1/8	1/8	2/4	2	1	1/16		1/16	1		1	55	G3	3	861
75	74	147	147	0.16666666666666666	1/8	1/8	2/4	1	1	1/24		1/16	2/3	-1	1	67	G4	4	850
75	74	147	147	0.5	1/8	1/8	2/4	1	2	1/8		1/8	1		-2	70	Bb4	4	859
75	74	147	147	0.5	1/8	1/8	2/4	1	2	1/8		1/8	1		-5	73	Db5	5	859
75	74	147	147	0.16666666666666666	1/8	1/8	2/4	1	1	1/24		1/16	2/3	-1	1	79	G5	5	850
75	74	883/6	883/6	0.16666666666666666	1/6	1/6	2/4	1	1	1/24		1/16	2/3		-1	65	F4	4	851
75	74	883/6	883/6	0.16666666666666666	1/6	1/6	2/4	1	1	1/24		1/16	2/3		-1	77	F5	5	851
75	74	589/4	589/4	0.25	3/16	3/16	2/4	2	1	1/16		1/16	1		4	40	E2	2	862
75	74	589/4	589/4	0.25	3/16	3/16	2/4	2	1	1/16		1/16	1		8	56	G#3	3	862
75	74	442/3	442/3	0.16666666666666666	5/24	5/24	2/4	1	1	1/24		1/16	2/3		4	64	E4	4	852
75	74	442/3	442/3	0.16666666666666666	5/24	5/24	2/4	1	1	1/24		1/16	2/3		4	76	E5	5	852
75	74	295/2	295/2	0.16666666666666666	1/4	1/4	2/4	2	1	1/24		1/16	2/3		-1	41	F2	2	863
75	74	295/2	295/2	0.16666666666666666	1/4	1/4	2/4	2	1	1/24		1/16	2/3		0	48	C3	3	863
75	74	295/2	295/2	0.16666666666666666	1/4	1/4	2/4	2	1	1/24		1/16	2/3		3	57	A3	3	863
75	74	295/2	295/2	0.16666666666666666	1/4	1/4	2/4	1	1	1/24		1/16	2/3		4	64	E4	4	853
75	74	295/2	295/2	0.16666666666666666	1/4	1/4	2/4	1	1	1/24		1/16	2/3		3	69	A4	4	853
75	74	295/2	295/2	0.16666666666666666	1/4	1/4	2/4	1	1	1/24		1/16	2/3		0	72	C5	5	853
75	74	295/2	295/2	0.16666666666666666	1/4	1/4	2/4	1	1	1/24		1/16	2/3		4	76	E5	5	853
75	74	443/3	443/3	0.16666666666666666	7/24	7/24	2/4	2	1	1/24		1/16	2/3		5	59	B3	3	864
75	74	443/3	443/3	0.16666666666666666	7/24	7/24	2/4	1	1	1/24		1/16	2/3		2	62	D4	4	854
75	74	443/3	443/3	0.16666666666666666	7/24	7/24	2/4	1	1	1/24		1/16	2/3		2	74	D5	5	854
75	74	887/6	887/6	0.16666666666666666	1/3	1/3	2/4	2	1	1/24		1/16	2/3		0	60	C4	4	865
75	74	887/6	887/6	0.16666666666666666	1/3	1/3	2/4	1	1	1/24		1/16	2/3		0	72	C5	5	855
75	74	148	148	0.5	3/8	3/8	2/4	2	1	1/8		1/8	1		2	62	D4	4	866
75	74	148	148	0.5	3/8	3/8	2/4	2	1	1/8		1/8	1		-1	65	F4	4	866
75	74	148	148	0.5	3/8	3/8	2/4	2	1	1/8		1/8	1		3	69	A4	4	866
75	74	148	148	0.16666666666666666	3/8	3/8	2/4	1	1	1/24		1/16	2/3		5	71	B4	4	856
75	74	445/3	445/3	0.16666666666666666	11/24	11/24	2/4	1	1	1/24		1/16	2/3		3	57	A3	3	857
75	74	445/3	445/3	0.16666666666666666	11/24	11/24	2/4	1	1	1/24		1/16	2/3		4	64	E4	4	857
75	74	445/3	445/3	0.16666666666666666	11/24	11/24	2/4	1	1	1/24		1/16	2/3		1	67	G4	4	857
75	74	445/3	445/3	0.16666666666666666	11/24	11/24	2/4	1	1	1/24		1/16	2/3		3	69	A4	4	857
76	75	297/2	297/2	0.5	0	0	2/4	2	1	1/8		1/8	1		1	43	G2	2	869
76	75	297/2	297/2	0.5	0	0	2/4	2	1	1/8		1/8	1		-1	53	F3	3	869
76	75	297/2	297/2	0.5	0	0	2/4	2	1	1/8		1/8	1		3	57	A3	3	869
76	75	297/2	297/2	0.5	0	0	2/4	1	1	1/8		1/8	1		5	59	B3	3	867
76	75	297/2	297/2	0.5	0	0	2/4	1	1	1/8		1/8	1		2	62	D4	4	867
76	75	297/2	297/2	0.5	0	0	2/4	1	1	1/8		1/8	1		-1	65	F4	4	867
76	75	297/2	297/2	0.5	0	0	2/4	1	1	1/8		1/8	1		5	71	B4	4	867
76	75	149	149	1.5	1/8	1/8	2/4	2	1	3/8		1/4	3/2		0	48	C3	3	870
76	75	149	149	1.5	1/8	1/8	2/4	2	1	3/8		1/4	3/2		4	52	E3	3	870
76	75	149	149	1.5	1/8	1/8	2/4	2	1	3/8		1/4	3/2		1	55	G3	3	870
76	75	149	149	1.5	1/8	1/8	2/4	1	1	3/8		1/4	3/2		0	60	C4	4	868
76	75	149	149	1.5	1/8	1/8	2/4	1	1	3/8		1/4	3/2		4	64	E4	4	868
76	75	149	149	1.5	1/8	1/8	2/4	1	1	3/8		1/4	3/2		0	72	C5	5	868
