mc	mn	quarterbeats	duration_qb	mc_onset	mn_onset	timesig	staff	voice	duration	gracenote	tremolo	nominal_duration	scalar	tied	tpc	midi	name	octave	chord_id
1	1	0	0.5	0	0	6/8	2	1	1/8			1/8	1		0	36	C2	2	3
1	1	0	1.5	0	0	6/8	1	1	3/8			1/4	3/2		0	60	C4	4	0
1	1	0	1.5	0	0	6/8	1	1	3/8			1/4	3/2		-3	63	Eb4	4	0
1	1	0	1.5	0	0	6/8	1	1	3/8			1/4	3/2	1	0	72	C5	5	0
1	1	1/2	0.5	1/8	1/8	6/8	2	1	1/8			1/8	1		1	43	G2	2	4
1	1	1	0.5	1/4	1/4	6/8	2	1	1/8			1/8	1		0	48	C3	3	5
1	1	3/2	0.5	3/8	3/8	6/8	2	1	1/8			1/8	1		-5	49	Db3	3	6
1	1	3/2	0.75	3/8	3/8	6/8	1	1	3/16			1/8	3/2	-1	0	72	C5	5	1
1	1	2	0.5	1/2	1/2	6/8	2	1	1/8			1/8	1		-1	53	F3	3	7
1	1	9/4	0.75	9/16	9/16	6/8	1	1	3/16			1/8	3/2		-5	61	Db4	4	2
1	1	9/4	0.75	9/16	9/16	6/8	1	1	3/16			1/8	3/2		-1	65	F4	4	2
1	1	9/4	0.75	9/16	9/16	6/8	1	1	3/16			1/8	3/2		-2	70	Bb4	4	2
1	1	5/2	0.5	5/8	5/8	6/8	2	1	1/8			1/8	1		1	55	G3	3	8
2	2	3	0.5	0	0	6/8	2	1	1/8			1/8	1		-4	56	Ab3	3	12
2	2	3	1.5	0	0	6/8	1	1	3/8			1/4	3/2		0	60	C4	4	9
2	2	3	1.5	0	0	6/8	1	1	3/8			1/4	3/2		-3	63	Eb4	4	9
2	2	3	1.5	0	0	6/8	1	1	3/8			1/4	3/2	1	0	72	C5	5	9
2	2	7/2	0.5	1/8	1/8	6/8	2	1	1/8			1/8	1		0	60	C4	4	13
2	2	4	0.5	1/4	1/4	6/8	2	1	1/8			1/8	1		-5	61	Db4	4	14
2	2	9/2	0.5	3/8	3/8	6/8	2	1	1/8			1/8	1		-1	53	F3	3	15
2	2	9/2	0.75	3/8	3/8	6/8	1	1	3/16			1/8	3/2	-1	0	72	C5	5	10
2	2	5	0.5	1/2	1/2	6/8	2	1	1/8			1/8	1		-4	56	Ab3	3	16
2	2	21/4	0.75	9/16	9/16	6/8	1	1	3/16			1/8	3/2		-2	70	Bb4	4	11
2	2	21/4	0.75	9/16	9/16	6/8	1	1	3/16			1/8	3/2		-5	73	Db5	5	11
2	2	21/4	0.75	9/16	9/16	6/8	1	1	3/16			1/8	3/2		-1	77	F5	5	11
2	2	21/4	0.75	9/16	9/16	6/8	1	1	3/16			1/8	3/2		1	79	G5	5	11
2	2	11/2	0.5	5/8	5/8	6/8	2	1	1/8			1/8	1		-2	58	Bb3	3	17
3	3	6	0.5	0	0	6/8	2	1	1/8			1/8	1		0	36	C2	2	21
3	3	6	1.5	0	0	6/8	1	1	3/8			1/4	3/2	1	0	72	C5	5	18
3	3	6	1.5	0	0	6/8	1	1	3/8			1/4	3/2		-3	75	Eb5	5	18
3	3	6	1.5	0	0	6/8	1	1	3/8			1/4	3/2		0	84	C6	6	18
3	3	13/2	0.5	1/8	1/8	6/8	2	1	1/8			1/8	1		1	43	G2	2	22
3	3	7	0.5	1/4	1/4	6/8	2	1	1/8			1/8	1		0	48	C3	3	23
3	3	15/2	0.5	3/8	3/8	6/8	2	1	1/8			1/8	1		-5	49	Db3	3	24
3	3	15/2	0.75	3/8	3/8	6/8	1	1	3/16			1/8	3/2	-1	0	72	C5	5	19
3	3	8	0.5	1/2	1/2	6/8	2	1	1/8			1/8	1		-1	53	F3	3	25
3	3	33/4	0.75	9/16	9/16	6/8	1	1	3/16			1/8	3/2		-5	61	Db4	4	20
3	3	33/4	0.75	9/16	9/16	6/8	1	1	3/16			1/8	3/2		-1	65	F4	4	20
3	3	33/4	0.75	9/16	9/16	6/8	1	1	3/16			1/8	3/2		-2	70	Bb4	4	20
3	3	17/2	0.5	5/8	5/8	6/8	2	1	1/8			1/8	1		1	55	G3	3	26
4	4	9	0.5	0	0	6/8	2	1	1/8			1/8	1		-4	56	Ab3	3	30
4	4	9	1.5	0	0	6/8	1	1	3/8			1/4	3/2		0	60	C4	4	27
4	4	9	1.5	0	0	6/8	1	1	3/8			1/4	3/2		-3	63	Eb4	4	27
4	4	9	1.5	0	0	6/8	1	1	3/8			1/4	3/2	1	0	72	C5	5	27
4	4	19/2	0.5	1/8	1/8	6/8	2	1	1/8			1/8	1		0	60	C4	4	31
4	4	10	0.5	1/4	1/4	6/8	2	1	1/8			1/8	1		-5	61	Db4	4	32
4	4	21/2	0.5	3/8	3/8	6/8	2	1	1/8			1/8	1		-1	53	F3	3	33
4	4	21/2	0.75	3/8	3/8	6/8	1	1	3/16			1/8	3/2	-1	0	72	C5	5	28
4	4	11	0.5	1/2	1/2	6/8	2	1	1/8			1/8	1		-4	56	Ab3	3	34
4	4	45/4	0.75	9/16	9/16	6/8	1	1	3/16			1/8	3/2		-2	70	Bb4	4	29
4	4	45/4	0.75	9/16	9/16	6/8	1	1	3/16			1/8	3/2		-5	73	Db5	5	29
4	4	45/4	0.75	9/16	9/16	6/8	1	1	3/16			1/8	3/2		-1	77	F5	5	29
4	4	45/4	0.75	9/16	9/16	6/8	1	1	3/16			1/8	3/2		1	79	G5	5	29
4	4	23/2	0.5	5/8	5/8	6/8	2	1	1/8			1/8	1		-2	58	Bb3	3	35
5	5	12	0.5	0	0	6/8	2	1	1/8			1/8	1		0	36	C2	2	44
5	5	12	0.5	0	0	6/8	1	1	1/8			1/8	1		0	72	C5	5	36
5	5	12	0.5	0	0	6/8	1	1	1/8			1/8	1		-3	75	Eb5	5	36
5	5	12	0.5	0	0	6/8	1	1	1/8			1/8	1		0	84	C6	6	36
5	5	25/2	0.5	1/8	1/8	6/8	2	1	1/8			1/8	1		1	43	G2	2	45
5	5	25/2	0.5	1/8	1/8	6/8	1	1	1/8			1/8	1		-2	82	Bb5	5	37
5	5	13	0.5	1/4	1/4	6/8	2	1	1/8			1/8	1		0	48	C3	3	46
5	5	13	0.5	1/4	1/4	6/8	1	1	1/8			1/8	1		-4	80	Ab5	5	38
5	5	27/2	0.5	3/8	3/8	6/8	2	1	1/8			1/8	1		-5	49	Db3	3	47
5	5	27/2	0.5	3/8	3/8	6/8	1	1	1/8			1/8	1		1	79	G5	5	39
5	5	14	0.5	1/2	1/2	6/8	2	1	1/8			1/8	1		-1	53	F3	3	48
5	5	14	0.25	1/2	1/2	6/8	1	1	1/16			1/16	1		-4	80	Ab5	5	40
5	5	57/4	0.25	9/16	9/16	6/8	1	1	1/16			1/16	1		1	79	G5	5	41
5	5	29/2	0.5	5/8	5/8	6/8	2	1	1/8			1/8	1		1	55	G3	3	49
5	5	29/2	0.25	5/8	5/8	6/8	1	1	1/16			1/16	1		-1	77	F5	5	42
5	5	59/4	0.25	11/16	11/16	6/8	1	1	1/16			1/16	1		1	79	G5	5	43
6	6	15	0.5	0	0	6/8	2	1	1/8			1/8	1		-4	56	Ab3	3	58
6	6	15	0.5	0	0	6/8	1	1	1/8			1/8	1		-3	75	Eb5	5	50
6	6	31/2	0.5	1/8	1/8	6/8	2	1	1/8			1/8	1		0	60	C4	4	59
6	6	31/2	0.5	1/8	1/8	6/8	1	1	1/8			1/8	1		0	72	C5	5	51
6	6	16	0.5	1/4	1/4	6/8	2	1	1/8			1/8	1		-5	61	Db4	4	60
6	6	16	0.5	1/4	1/4	6/8	1	1	1/8			1/8	1	1	-1	77	F5	5	52
6	6	33/2	0.5	3/8	3/8	6/8	2	1	1/8			1/8	1		-1	53	F3	3	61
6	6	33/2	0.5	3/8	3/8	6/8	1	1	1/8			1/8	1	-1	-1	77	F5	5	53
6	6	17	0.5	1/2	1/2	6/8	2	1	1/8			1/8	1		-4	56	Ab3	3	62
6	6	17	0.25	1/2	1/2	6/8	1	1	1/16			1/16	1		-2	70	Bb4	4	54
6	6	69/4	0.25	9/16	9/16	6/8	1	1	1/16			1/16	1		0	72	C5	5	55
6	6	35/2	0.5	5/8	5/8	6/8	2	1	1/8			1/8	1		-2	58	Bb3	3	63
6	6	35/2	0.25	5/8	5/8	6/8	1	1	1/16			1/16	1		-5	73	Db5	5	56
6	6	71/4	0.25	11/16	11/16	6/8	1	1	1/16			1/16	1		-4	80	Ab5	5	57
7	7	18	0.5	0	0	6/8	2	1	1/8			1/8	1		0	36	C2	2	73
7	7	18	0.5	0	0	6/8	1	1	1/8			1/8	1		-3	75	Eb5	5	64
7	7	37/2	0.5	1/8	1/8	6/8	2	1	1/8			1/8	1		1	43	G2	2	74
7	7	37/2	0.5	1/8	1/8	6/8	1	1	1/8			1/8	1		0	72	C5	5	65
7	7	19	0.5	1/4	1/4	6/8	2	1	1/8			1/8	1		0	48	C3	3	75
7	7	19	0.5	1/4	1/4	6/8	1	1	1/8			1/8	1	1	0	72	C5	5	66
7	7	39/2	0.5	3/8	3/8	6/8	2	1	1/8			1/8	1		-5	49	Db3	3	76
7	7	39/2	1.0	3/8	3/8	6/8	1	1	1/4			1/4	1	0	0	72	C5	5	67
7	7	20	0.5	1/2	1/2	6/8	2	1	1/8			1/8	1		-1	53	F3	3	77
7	7	81/4	0.25	9/16	9/16	6/8	1	2	1/16			1/16	1		-5	61	Db4	4	70
7	7	41/2	0.5	5/8	5/8	6/8	2	1	1/8			1/8	1		1	55	G3	3	78
7	7	41/2	0.25	5/8	5/8	6/8	1	2	1/16			1/16	1		-1	65	F4	4	71
7	7	41/2	0.25	5/8	5/8	6/8	1	1	1/16			1/16	1	-1	0	72	C5	5	68
7	7	83/4	0.25	11/16	11/16	6/8	1	1	1/16			1/16	1		-2	70	Bb4	4	69
7	7	83/4	0.25	11/16	11/16	6/8	1	2	1/16			1/16	1		-2	70	Bb4	4	72
8	8	21	0.5	0	0	6/8	2	1	1/8			1/8	1		-4	56	Ab3	3	83
8	8	21	0.5	0	0	6/8	1	2	1/8			1/8	1		0	60	C4	4	82
8	8	21	0.5	0	0	6/8	1	2	1/8			1/8	1		-3	63	Eb4	4	82
8	8	21	1.5	0	0	6/8	1	1	3/8			1/4	3/2	1	0	72	C5	5	79
8	8	43/2	0.5	1/8	1/8	6/8	2	1	1/8			1/8	1		0	60	C4	4	84
8	8	22	0.5	1/4	1/4	6/8	2	1	1/8			1/8	1		-5	61	Db4	4	85
8	8	45/2	0.5	3/8	3/8	6/8	2	1	1/8			1/8	1		-1	53	F3	3	86
8	8	45/2	1.0	3/8	3/8	6/8	1	1	1/4			1/4	1	-1	0	72	C5	5	80
8	8	23	0.5	1/2	1/2	6/8	2	1	1/8			1/8	1		-4	56	Ab3	3	87
8	8	47/2	0.5	5/8	5/8	6/8	2	1	1/8			1/8	1		-2	58	Bb3	3	88
8	8	47/2	0.5	5/8	5/8	6/8	1	1	1/8			1/8	1		-2	70	Bb4	4	81
8	8	47/2	0.5	5/8	5/8	6/8	1	1	1/8			1/8	1		-5	73	Db5	5	81
8	8	47/2	0.5	5/8	5/8	6/8	1	1	1/8			1/8	1		-1	77	F5	5	81
8	8	47/2	0.5	5/8	5/8	6/8	1	1	1/8			1/8	1		1	79	G5	5	81
9	9	24	0.5	0	0	6/8	2	1	1/8			1/8	1		0	36	C2	2	97
9	9	24	0.5	0	0	6/8	1	1	1/8			1/8	1		0	72	C5	5	89
9	9	24	0.5	0	0	6/8	1	1	1/8			1/8	1		-3	75	Eb5	5	89
9	9	24	0.5	0	0	6/8	1	1	1/8			1/8	1		0	84	C6	6	89
9	9	49/2	0.5	1/8	1/8	6/8	2	1	1/8			1/8	1		1	43	G2	2	98
9	9	49/2	0.5	1/8	1/8	6/8	1	1	1/8			1/8	1		-2	82	Bb5	5	90
9	9	25	0.5	1/4	1/4	6/8	2	1	1/8			1/8	1		0	48	C3	3	99
9	9	25	0.5	1/4	1/4	6/8	1	1	1/8			1/8	1		-4	80	Ab5	5	91
9	9	51/2	0.5	3/8	3/8	6/8	2	1	1/8			1/8	1		-5	49	Db3	3	100
9	9	51/2	0.5	3/8	3/8	6/8	1	1	1/8			1/8	1		1	79	G5	5	92
9	9	26	0.5	1/2	1/2	6/8	2	1	1/8			1/8	1		-1	53	F3	3	101
9	9	26	0.25	1/2	1/2	6/8	1	1	1/16			1/16	1		-4	80	Ab5	5	93
9	9	105/4	0.25	9/16	9/16	6/8	1	1	1/16			1/16	1		1	79	G5	5	94
9	9	53/2	0.5	5/8	5/8	6/8	2	1	1/8			1/8	1		1	55	G3	3	102
9	9	53/2	0.25	5/8	5/8	6/8	1	1	1/16			1/16	1		-1	77	F5	5	95
9	9	107/4	0.25	11/16	11/16	6/8	1	1	1/16			1/16	1		1	79	G5	5	96
10	10	27	0.5	0	0	6/8	2	1	1/8			1/8	1		-4	56	Ab3	3	109
10	10	27	0.5	0	0	6/8	1	1	1/8			1/8	1		-3	75	Eb5	5	103
10	10	55/2	0.5	1/8	1/8	6/8	2	1	1/8			1/8	1		0	60	C4	4	110
10	10	55/2	0.5	1/8	1/8	6/8	1	1	1/8			1/8	1		0	72	C5	5	104
10	10	28	0.5	1/4	1/4	6/8	2	1	1/8			1/8	1		-5	61	Db4	4	111
10	10	28	0.5	1/4	1/4	6/8	1	1	1/8			1/8	1	1	-1	77	F5	5	105
10	10	57/2	0.5	3/8	3/8	6/8	2	1	1/8			1/8	1		-1	53	F3	3	112
10	10	57/2	0.5	3/8	3/8	6/8	1	1	1/8			1/8	1	-1	-1	77	F5	5	106
10	10	29	0.5	1/2	1/2	6/8	2	1	1/8			1/8	1		-4	56	Ab3	3	113
10	10	29	0.5	1/2	1/2	6/8	1	1	1/8			1/8	1		-5	73	Db5	5	107
10	10	59/2	0.5	5/8	5/8	6/8	2	1	1/8			1/8	1		-2	58	Bb3	3	114
10	10	59/2	0.5	5/8	5/8	6/8	1	1	1/8			1/8	1	1	1	79	G5	5	108
11	11	30	0.5	0	0	6/8	2	1	1/8			1/8	1		0	60	C4	4	121
11	11	30	0.5	0	0	6/8	1	1	1/8			1/8	1	-1	1	79	G5	5	115
11	11	61/2	0.5	1/8	1/8	6/8	2	1	1/8			1/8	1		-3	63	Eb4	4	122
11	11	61/2	0.5	1/8	1/8	6/8	1	1	1/8			1/8	1		-3	75	Eb5	5	116
11	11	31	0.5	1/4	1/4	6/8	2	1	1/8			1/8	1		-1	65	F4	4	123
11	11	31	0.5	1/4	1/4	6/8	1	1	1/8			1/8	1	1	-4	80	Ab5	5	117
11	11	63/2	0.5	3/8	3/8	6/8	2	1	1/8			1/8	1		-4	56	Ab3	3	124
11	11	63/2	0.5	3/8	3/8	6/8	1	1	1/8			1/8	1	-1	-4	80	Ab5	5	118
11	11	32	0.5	1/2	1/2	6/8	2	1	1/8			1/8	1		0	60	C4	4	125
11	11	32	0.5	1/2	1/2	6/8	1	1	1/8			1/8	1		-1	77	F5	5	119
11	11	65/2	0.5	5/8	5/8	6/8	2	1	1/8			1/8	1		-5	61	Db4	4	126
11	11	65/2	0.5	5/8	5/8	6/8	1	1	1/8			1/8	1	1	-2	82	Bb5	5	120
12	12	33	0.5	0	0	6/8	2	1	1/8			1/8	1		-3	63	Eb4	4	137
12	12	33	0.25	0	0	6/8	1	1	1/16			1/16	1	-1	-2	82	Bb5	5	127
12	12	133/4	0.25	1/16	1/16	6/8	1	1	1/16			1/16	1		1	79	G5	5	128
12	12	67/2	0.5	1/8	1/8	6/8	2	1	1/8			1/8	1		1	67	G4	4	138
12	12	67/2	0.25	1/8	1/8	6/8	1	1	1/16			1/16	1		-4	80	Ab5	5	129
12	12	135/4	0.25	3/16	3/16	6/8	1	1	1/16			1/16	1		1	79	G5	5	130
12	12	34	0.5	1/4	1/4	6/8	2	1	1/8			1/8	1		-4	68	Ab4	4	139
12	12	34	0.5	1/4	1/4	6/8	1	1	1/8			1/8	1	1	0	84	C6	6	131
12	12	69/2	0.5	3/8	3/8	6/8	2	1	1/8			1/8	1		0	60	C4	4	140
12	12	69/2	0.25	3/8	3/8	6/8	1	1	1/16			1/16	1	-1	0	84	C6	6	132
12	12	139/4	0.25	7/16	7/16	6/8	1	1	1/16			1/16	1		-4	80	Ab5	5	133
12	12	35	0.5	1/2	1/2	6/8	2	1	1/8			1/8	1		-3	63	Eb4	4	141
12	12	35	0.25	1/2	1/2	6/8	1	1	1/16			1/16	1		-2	82	Bb5	5	134
12	12	141/4	0.25	9/16	9/16	6/8	1	1	1/16			1/16	1	1	-4	80	Ab5	5	135
12	12	71/2	0.5	5/8	5/8	6/8	2	1	1/8			1/8	1		-1	53	F3	3	142
12	12	71/2	0.5	5/8	5/8	6/8	2	1	1/8			1/8	1		-1	65	F4	4	142
12	12	71/2	0.5	5/8	5/8	6/8	1	1	1/8			1/8	1		-1	77	F5	5	136
12	12	71/2	0.5	5/8	5/8	6/8	1	1	1/8			1/8	1	-1	-4	80	Ab5	5	136
12	12	71/2	0.5	5/8	5/8	6/8	1	1	1/8			1/8	1		-5	85	Db6	6	136
13	13	36	0.0	0	0	6/8	1	1	0	grace16		1/16	1		-3	75	Eb5	5	143
13	13	36	0.0	0	0	6/8	1	1	0	grace16		1/16	1		1	79	G5	5	144
13	13	36	0.0	0	0	6/8	1	1	0	grace16		1/16	1		-5	85	Db6	6	145
13	13	36	0.5	0	0	6/8	2	2	1/8			1/8	1		-2	46	Bb2	2	150
13	13	36	3.0	0	0	6/8	2	1	3/4			1/2	3/2		-2	46	Bb2	2	149
13	13	36	1.5	0	0	6/8	1	1	3/8			1/4	3/2	1	-3	75	Eb5	5	146
13	13	36	1.5	0	0	6/8	1	1	3/8			1/4	3/2	1	1	79	G5	5	146
13	13	36	1.5	0	0	6/8	1	1	3/8			1/4	3/2	1	0	84	C6	6	146
13	13	73/2	0.5	1/8	1/8	6/8	2	2	1/8			1/8	1		-1	53	F3	3	151
13	13	37	0.5	1/4	1/4	6/8	2	2	1/8			1/8	1		-2	58	Bb3	3	152
13	13	75/2	0.5	3/8	3/8	6/8	2	2	1/8			1/8	1		0	60	C4	4	153
13	13	75/2	1.0	3/8	3/8	6/8	1	1	1/4			1/4	1	-1	-3	75	Eb5	5	147
13	13	75/2	1.0	3/8	3/8	6/8	1	1	1/4			1/4	1	-1	1	79	G5	5	147
13	13	75/2	1.0	3/8	3/8	6/8	1	1	1/4			1/4	1	-1	0	84	C6	6	147
13	13	38	0.5	1/2	1/2	6/8	2	2	1/8			1/8	1		-3	63	Eb4	4	154
13	13	77/2	0.5	5/8	5/8	6/8	2	2	1/8			1/8	1		-1	65	F4	4	155
13	13	77/2	0.5	5/8	5/8	6/8	1	1	1/8			1/8	1	1	-5	73	Db5	5	148
13	13	77/2	0.5	5/8	5/8	6/8	1	1	1/8			1/8	1	1	-1	77	F5	5	148
13	13	77/2	0.5	5/8	5/8	6/8	1	1	1/8			1/8	1	1	-2	82	Bb5	5	148
14	14	39	0.5	0	0	6/8	2	1	1/8			1/8	1		1	67	G4	4	158
14	14	39	1.0	0	0	6/8	1	1	1/4			1/4	1	-1	-5	73	Db5	5	156
14	14	39	1.0	0	0	6/8	1	1	1/4			1/4	1	-1	-1	77	F5	5	156
14	14	39	1.0	0	0	6/8	1	1	1/4			1/4	1	-1	-2	82	Bb5	5	156
14	14	79/2	0.5	1/8	1/8	6/8	2	1	1/8			1/8	1		-2	70	Bb4	4	159
14	14	40	0.5	1/4	1/4	6/8	2	1	1/8			1/8	1		0	72	C5	5	160
14	14	81/2	0.5	3/8	3/8	6/8	2	1	1/8			1/8	1		-3	63	Eb4	4	161
14	14	41	0.5	1/2	1/2	6/8	2	1	1/8			1/8	1		1	67	G4	4	162
14	14	83/2	0.5	5/8	5/8	6/8	2	1	1/8			1/8	1		-4	68	Ab4	4	163
14	14	83/2	0.5	5/8	5/8	6/8	1	1	1/8			1/8	1		-1	77	F5	5	157
14	14	83/2	0.5	5/8	5/8	6/8	1	1	1/8			1/8	1		-4	80	Ab5	5	157
14	14	83/2	0.5	5/8	5/8	6/8	1	1	1/8			1/8	1		-5	85	Db6	6	157
15	15	42	0.0	0	0	6/8	1	1	0	grace16		1/16	1		-3	75	Eb5	5	164
15	15	42	0.0	0	0	6/8	1	1	0	grace16		1/16	1		1	79	G5	5	165
15	15	42	0.0	0	0	6/8	1	1	0	grace16		1/16	1		-5	85	Db6	6	166
15	15	42	0.5	0	0	6/8	2	2	1/8			1/8	1		-2	46	Bb2	2	172
15	15	42	3.0	0	0	6/8	2	1	3/4			1/2	3/2		-2	46	Bb2	2	171
15	15	42	1.0	0	0	6/8	1	1	1/4			1/4	1		-3	75	Eb5	5	167
15	15	42	1.0	0	0	6/8	1	1	1/4			1/4	1		1	79	G5	5	167
15	15	42	1.0	0	0	6/8	1	1	1/4			1/4	1		0	84	C6	6	167
15	15	85/2	0.5	1/8	1/8	6/8	2	2	1/8			1/8	1		-1	53	F3	3	173
15	15	43	0.5	1/4	1/4	6/8	2	2	1/8			1/8	1		-2	58	Bb3	3	174
15	15	43	0.5	1/4	1/4	6/8	1	1	1/8			1/8	1	1	-5	73	Db5	5	168
15	15	43	0.5	1/4	1/4	6/8	1	1	1/8			1/8	1	1	-1	77	F5	5	168
15	15	43	0.5	1/4	1/4	6/8	1	1	1/8			1/8	1	1	-2	82	Bb5	5	168
15	15	87/2	0.5	3/8	3/8	6/8	2	2	1/8			1/8	1		0	60	C4	4	175
15	15	87/2	1.0	3/8	3/8	6/8	1	1	1/4			1/4	1	-1	-5	73	Db5	5	169
15	15	87/2	1.0	3/8	3/8	6/8	1	1	1/4			1/4	1	-1	-1	77	F5	5	169
15	15	87/2	1.0	3/8	3/8	6/8	1	1	1/4			1/4	1	-1	-2	82	Bb5	5	169
15	15	44	0.5	1/2	1/2	6/8	2	2	1/8			1/8	1		-3	63	Eb4	4	176
15	15	89/2	0.5	5/8	5/8	6/8	2	2	1/8			1/8	1		-1	65	F4	4	177
15	15	89/2	0.5	5/8	5/8	6/8	1	1	1/8			1/8	1		0	72	C5	5	170
15	15	89/2	0.5	5/8	5/8	6/8	1	1	1/8			1/8	1		-3	75	Eb5	5	170
15	15	89/2	0.5	5/8	5/8	6/8	1	1	1/8			1/8	1		-4	80	Ab5	5	170
16	16	45	0.0	0	0	6/8	1	1	0	acciaccatura		1/8	1		-4	80	Ab5	5	178
16	16	45	0.5	0	0	6/8	2	1	1/8			1/8	1		1	67	G4	4	182
16	16	45	1.0	0	0	6/8	1	1	1/4			1/4	1		-2	70	Bb4	4	179
16	16	45	1.0	0	0	6/8	1	1	1/4			1/4	1		-5	73	Db5	5	179
16	16	45	1.0	0	0	6/8	1	1	1/4			1/4	1		1	79	G5	5	179
16	16	91/2	0.5	1/8	1/8	6/8	2	1	1/8			1/8	1		-2	70	Bb4	4	183
16	16	46	0.5	1/4	1/4	6/8	1	1	1/8			1/8	1	1	-4	68	Ab4	4	180
16	16	46	0.5	1/4	1/4	6/8	1	1	1/8			1/8	1	1	0	72	C5	5	180
16	16	46	0.5	1/4	1/4	6/8	2	1	1/8			1/8	1		0	72	C5	5	184
16	16	46	0.5	1/4	1/4	6/8	1	1	1/8			1/8	1	1	-1	77	F5	5	180
16	16	93/2	1.0	3/8	3/8	6/8	1	1	1/4			1/4	1	-1	-4	68	Ab4	4	181
16	16	93/2	1.0	3/8	3/8	6/8	1	1	1/4			1/4	1	-1	0	72	C5	5	181
16	16	93/2	0.5	3/8	3/8	6/8	2	1	1/8			1/8	1		-5	73	Db5	5	185
16	16	93/2	1.0	3/8	3/8	6/8	1	1	1/4			1/4	1	-1	-1	77	F5	5	181
16	16	47	0.5	1/2	1/2	6/8	2	1	1/8			1/8	1		-1	77	F5	5	186
16	16	95/2	0.5	5/8	5/8	6/8	2	2	1/8			1/8	1		-3	51	Eb3	3	188
16	16	95/2	0.5	5/8	5/8	6/8	2	1	1/8			1/8	1		1	67	G4	4	187
16	16	95/2	0.5	5/8	5/8	6/8	2	1	1/8			1/8	1		-2	70	Bb4	4	187
16	16	95/2	0.5	5/8	5/8	6/8	2	1	1/8			1/8	1		-3	75	Eb5	5	187
17	17	48	0.0	0	0	6/8	1	1	0	grace16		1/16	1		-3	63	Eb4	4	189
17	17	48	0.0	0	0	6/8	1	1	0	grace16		1/16	1		0	72	C5	5	190
17	17	48	0.0	0	0	6/8	1	1	0	grace16		1/16	1		-3	75	Eb5	5	191
17	17	48	0.5	0	0	6/8	2	1	1/8			1/8	1		-4	44	Ab2	2	194
17	17	48	1.0	0	0	6/8	1	1	1/4			1/4	1		0	72	C5	5	192
17	17	48	1.0	0	0	6/8	1	1	1/4			1/4	1		-3	75	Eb5	5	192
17	17	48	1.0	0	0	6/8	1	1	1/4			1/4	1		0	84	C6	6	192
17	17	97/2	0.5	1/8	1/8	6/8	2	1	1/8			1/8	1		-3	51	Eb3	3	195
17	17	49	0.5	1/4	1/4	6/8	2	1	1/8			1/8	1		0	60	C4	4	196
17	17	99/2	0.5	3/8	3/8	6/8	2	1	1/8			1/8	1		-5	61	Db4	4	197
17	17	50	0.5	1/2	1/2	6/8	2	1	1/8			1/8	1		-1	65	F4	4	198
17	17	101/2	0.5	5/8	5/8	6/8	2	1	1/8			1/8	1		1	67	G4	4	199
17	17	101/2	0.5	5/8	5/8	6/8	1	1	1/8			1/8	1		-5	73	Db5	5	193
17	17	101/2	0.5	5/8	5/8	6/8	1	1	1/8			1/8	1		-1	77	F5	5	193
17	17	101/2	0.5	5/8	5/8	6/8	1	1	1/8			1/8	1		-2	82	Bb5	5	193
18	18	51	0.5	0	0	6/8	2	1	1/8			1/8	1		-4	68	Ab4	4	202
18	18	51	1.0	0	0	6/8	1	1	1/4			1/4	1		0	72	C5	5	200
18	18	51	1.0	0	0	6/8	1	1	1/4			1/4	1		-3	75	Eb5	5	200
18	18	51	1.0	0	0	6/8	1	1	1/4			1/4	1		0	84	C6	6	200
18	18	103/2	0.5	1/8	1/8	6/8	2	1	1/8			1/8	1		0	72	C5	5	203
18	18	52	0.5	1/4	1/4	6/8	2	1	1/8			1/8	1		-5	73	Db5	5	204
18	18	105/2	0.5	3/8	3/8	6/8	2	1	1/8			1/8	1		-1	65	F4	4	205
18	18	53	0.5	1/2	1/2	6/8	2	1	1/8			1/8	1		-4	68	Ab4	4	206
18	18	107/2	0.5	5/8	5/8	6/8	2	1	1/8			1/8	1		-2	70	Bb4	4	207
18	18	107/2	0.5	5/8	5/8	6/8	1	1	1/8			1/8	1		-5	73	Db5	5	201
18	18	107/2	0.5	5/8	5/8	6/8	1	1	1/8			1/8	1		-1	77	F5	5	201
18	18	107/2	0.5	5/8	5/8	6/8	1	1	1/8			1/8	1		1	79	G5	5	201
19	19	54	0.5	0	0	6/8	2	1	1/8			1/8	1		-4	44	Ab2	2	216
19	19	54	0.5	0	0	6/8	1	1	1/8			1/8	1		0	72	C5	5	208
19	19	54	0.5	0	0	6/8	1	1	1/8			1/8	1		-3	75	Eb5	5	208
19	19	54	0.5	0	0	6/8	1	1	1/8			1/8	1		0	84	C6	6	208
19	19	109/2	0.5	1/8	1/8	6/8	2	1	1/8			1/8	1		-3	51	Eb3	3	217
19	19	109/2	0.5	1/8	1/8	6/8	1	1	1/8			1/8	1		-2	82	Bb5	5	209
19	19	55	0.5	1/4	1/4	6/8	2	1	1/8			1/8	1		0	60	C4	4	218
19	19	55	0.5	1/4	1/4	6/8	1	1	1/8			1/8	1		-4	80	Ab5	5	210
19	19	111/2	0.5	3/8	3/8	6/8	2	1	1/8			1/8	1		-5	61	Db4	4	219
19	19	111/2	0.5	3/8	3/8	6/8	1	1	1/8			1/8	1		1	79	G5	5	211
19	19	56	0.5	1/2	1/2	6/8	2	1	1/8			1/8	1		-1	65	F4	4	220
19	19	56	0.25	1/2	1/2	6/8	1	1	1/16			1/16	1		-4	80	Ab5	5	212
19	19	225/4	0.25	9/16	9/16	6/8	1	1	1/16			1/16	1		1	79	G5	5	213
19	19	113/2	0.5	5/8	5/8	6/8	2	1	1/8			1/8	1		1	67	G4	4	221
19	19	113/2	0.25	5/8	5/8	6/8	1	1	1/16			1/16	1		-1	77	F5	5	214
19	19	227/4	0.25	11/16	11/16	6/8	1	1	1/16			1/16	1		1	79	G5	5	215
20	20	57	0.5	0	0	6/8	2	1	1/8			1/8	1		-4	68	Ab4	4	230
20	20	57	0.5	0	0	6/8	1	1	1/8			1/8	1		-3	75	Eb5	5	222
20	20	115/2	0.5	1/8	1/8	6/8	1	1	1/8			1/8	1		0	72	C5	5	223
20	20	115/2	0.5	1/8	1/8	6/8	2	1	1/8			1/8	1		0	72	C5	5	231
20	20	58	0.5	1/4	1/4	6/8	2	1	1/8			1/8	1		-5	73	Db5	5	232
20	20	58	0.5	1/4	1/4	6/8	1	1	1/8			1/8	1	1	-1	77	F5	5	224
20	20	117/2	0.5	3/8	3/8	6/8	2	1	1/8			1/8	1		-1	65	F4	4	233
20	20	117/2	0.5	3/8	3/8	6/8	1	1	1/8			1/8	1	-1	-1	77	F5	5	225
20	20	59	0.5	1/2	1/2	6/8	2	1	1/8			1/8	1		-4	68	Ab4	4	234
20	20	59	0.25	1/2	1/2	6/8	1	1	1/16			1/16	1		-2	70	Bb4	4	226
20	20	237/4	0.25	9/16	9/16	6/8	1	1	1/16			1/16	1		0	72	C5	5	227
20	20	119/2	0.5	5/8	5/8	6/8	2	1	1/8			1/8	1		-2	70	Bb4	4	235
20	20	119/2	0.25	5/8	5/8	6/8	1	1	1/16			1/16	1		-5	73	Db5	5	228
20	20	239/4	0.25	11/16	11/16	6/8	1	1	1/16			1/16	1		1	79	G5	5	229
21	21	60	0.5	0	0	6/8	2	1	1/8			1/8	1		-4	56	Ab3	3	244
21	21	60	0.5	0	0	6/8	1	1	1/8			1/8	1		-3	75	Eb5	5	236
21	21	121/2	0.5	1/8	1/8	6/8	2	1	1/8			1/8	1		-3	63	Eb4	4	245
21	21	121/2	0.5	1/8	1/8	6/8	1	1	1/8			1/8	1		0	72	C5	5	237
21	21	61	0.5	1/4	1/4	6/8	2	1	1/8			1/8	1		0	72	C5	5	246
21	21	61	0.5	1/4	1/4	6/8	1	1	1/8			1/8	1	1	-1	77	F5	5	238
21	21	123/2	0.5	3/8	3/8	6/8	2	1	1/8			1/8	1		-5	73	Db5	5	247
21	21	123/2	0.5	3/8	3/8	6/8	1	1	1/8			1/8	1	-1	-1	77	F5	5	239
21	21	62	0.25	1/2	1/2	6/8	1	1	1/16			1/16	1		-2	70	Bb4	4	240
21	21	62	0.5	1/2	1/2	6/8	2	1	1/8			1/8	1		-1	77	F5	5	248
21	21	249/4	0.25	9/16	9/16	6/8	1	1	1/16			1/16	1		0	72	C5	5	241
21	21	125/2	0.25	5/8	5/8	6/8	1	1	1/16			1/16	1		-5	73	Db5	5	242
21	21	125/2	0.5	5/8	5/8	6/8	2	1	1/8			1/8	1		1	79	G5	5	249
21	21	251/4	0.25	11/16	11/16	6/8	1	1	1/16			1/16	1		-2	82	Bb5	5	243
22	22	63	0.5	0	0	6/8	2	1	1/8			1/8	1		-4	56	Ab3	3	259
22	22	63	0.5	0	0	6/8	1	1	1/8			1/8	1		-3	75	Eb5	5	250
22	22	127/2	0.5	1/8	1/8	6/8	2	1	1/8			1/8	1		-3	63	Eb4	4	260
22	22	127/2	0.5	1/8	1/8	6/8	1	1	1/8			1/8	1		0	72	C5	5	251
22	22	64	0.5	1/4	1/4	6/8	2	1	1/8			1/8	1		0	72	C5	5	261
22	22	64	0.5	1/4	1/4	6/8	1	1	1/8			1/8	1	1	-1	77	F5	5	252
22	22	129/2	0.5	3/8	3/8	6/8	2	1	1/8			1/8	1		-5	73	Db5	5	262
22	22	129/2	0.25	3/8	3/8	6/8	1	1	1/16			1/16	1	-1	-1	77	F5	5	253
22	22	259/4	0.25	7/16	7/16	6/8	1	1	1/16			1/16	1		-2	70	Bb4	4	254
22	22	65	0.25	1/2	1/2	6/8	1	1	1/16			1/16	1		0	72	C5	5	255
22	22	65	0.5	1/2	1/2	6/8	2	1	1/8			1/8	1		-1	77	F5	5	263
22	22	261/4	0.25	9/16	9/16	6/8	1	1	1/16			1/16	1		-5	73	Db5	5	256
22	22	131/2	0.25	5/8	5/8	6/8	1	1	1/16			1/16	1		-3	75	Eb5	5	257
22	22	131/2	0.5	5/8	5/8	6/8	2	1	1/8			1/8	1		1	79	G5	5	264
22	22	263/4	0.25	11/16	11/16	6/8	1	1	1/16			1/16	1		-3	87	Eb6	6	258
23	23	66	0.5	0	0	6/8	2	1	1/8			1/8	1		-4	44	Ab2	2	276
23	23	265/4	0.25	1/16	1/16	6/8	1	1	1/16			1/16	1		-2	70	Bb4	4	265
23	23	133/2	0.5	1/8	1/8	6/8	2	1	1/8			1/8	1		-3	51	Eb3	3	277
23	23	133/2	0.25	1/8	1/8	6/8	1	1	1/16			1/16	1		0	72	C5	5	266
23	23	267/4	0.25	3/16	3/16	6/8	1	1	1/16			1/16	1		-3	75	Eb5	5	267
23	23	67	0.5	1/4	1/4	6/8	2	1	1/8			1/8	1		0	60	C4	4	278
23	23	67	0.25	1/4	1/4	6/8	1	1	1/16			1/16	1		-1	77	F5	5	268
23	23	269/4	0.25	5/16	5/16	6/8	1	1	1/16			1/16	1		1	79	G5	5	269
23	23	135/2	0.5	3/8	3/8	6/8	2	1	1/8			1/8	1		-5	61	Db4	4	279
23	23	135/2	0.25	3/8	3/8	6/8	1	1	1/16			1/16	1		-2	82	Bb5	5	270
23	23	271/4	0.25	7/16	7/16	6/8	1	1	1/16			1/16	1		0	84	C6	6	271
23	23	68	0.5	1/2	1/2	6/8	2	1	1/8			1/8	1		-1	65	F4	4	280
23	23	68	0.25	1/2	1/2	6/8	1	1	1/16			1/16	1		-2	82	Bb5	5	272
23	23	273/4	0.25	9/16	9/16	6/8	1	1	1/16			1/16	1		1	79	G5	5	273
23	23	137/2	0.5	5/8	5/8	6/8	2	1	1/8			1/8	1		1	67	G4	4	281
23	23	137/2	0.25	5/8	5/8	6/8	1	1	1/16			1/16	1		-1	77	F5	5	274
23	23	275/4	0.25	11/16	11/16	6/8	1	1	1/16			1/16	1		-3	75	Eb5	5	275
24	24	69	0.5	0	0	6/8	2	1	1/8			1/8	1		-4	68	Ab4	4	289
24	24	69	0.75	0	0	6/8	1	1	3/16			1/8	3/2		0	72	C5	5	282
24	24	139/2	0.5	1/8	1/8	6/8	2	1	1/8			1/8	1		0	72	C5	5	290
24	24	279/4	0.25	3/16	3/16	6/8	1	1	1/16			1/16	1		-3	75	Eb5	5	283
24	24	70	0.5	1/4	1/4	6/8	2	1	1/8			1/8	1		-5	73	Db5	5	291
24	24	70	0.5	1/4	1/4	6/8	1	1	1/8			1/8	1	1	-1	77	F5	5	284
24	24	141/2	0.5	3/8	3/8	6/8	2	1	1/8			1/8	1		-1	65	F4	4	292
24	24	141/2	0.25	3/8	3/8	6/8	1	1	1/16			1/16	1	-1	-1	77	F5	5	285
24	24	283/4	0.25	7/16	7/16	6/8	1	1	1/16			1/16	1		1	79	G5	5	286
24	24	71	0.5	1/2	1/2	6/8	2	1	1/8			1/8	1		-4	68	Ab4	4	293
24	24	71	0.75	1/2	1/2	6/8	1	1	3/16			1/8	3/2		-2	82	Bb5	5	287
24	24	143/2	0.5	5/8	5/8	6/8	2	1	1/8			1/8	1		-2	70	Bb4	4	294
24	24	287/4	0.25	11/16	11/16	6/8	1	1	1/16			1/16	1		0	84	C6	6	288
25	25	72	0.5	0	0	6/8	2	1	1/8			1/8	1		-4	44	Ab2	2	304
25	25	72	0.75	0	0	6/8	1	2	3/16			1/8	3/2		-3	87	Eb6	6	296
25	25	72	3.0	0	0	6/8	1	1	3/4			1/2	3/2	1	-3	87	Eb6	6	295
25	25	145/2	0.5	1/8	1/8	6/8	2	1	1/8			1/8	1		-3	51	Eb3	3	305
25	25	291/4	0.25	3/16	3/16	6/8	1	2	1/16			1/16	1		-5	85	Db6	6	297
25	25	73	0.5	1/4	1/4	6/8	2	1	1/8			1/8	1		0	60	C4	4	306
25	25	73	0.25	1/4	1/4	6/8	1	2	1/16			1/16	1		-1	89	F6	6	298
25	25	293/4	0.25	5/16	5/16	6/8	1	2	1/16			1/16	1		0	84	C6	6	299
25	25	147/2	0.5	3/8	3/8	6/8	2	1	1/8			1/8	1		-5	61	Db4	4	307
25	25	147/2	0.75	3/8	3/8	6/8	1	2	3/16			1/8	3/2		-3	87	Eb6	6	300
25	25	74	0.5	1/2	1/2	6/8	2	1	1/8			1/8	1		-1	65	F4	4	308
25	25	297/4	0.25	9/16	9/16	6/8	1	2	1/16			1/16	1		-2	82	Bb5	5	301
25	25	149/2	0.5	5/8	5/8	6/8	2	1	1/8			1/8	1		1	67	G4	4	309
25	25	149/2	0.25	5/8	5/8	6/8	1	2	1/16			1/16	1		-5	85	Db6	6	302
25	25	299/4	0.25	11/16	11/16	6/8	1	2	1/16			1/16	1		-4	80	Ab5	5	303
26	26	75	0.5	0	0	6/8	2	1	1/8			1/8	1		-4	68	Ab4	4	320
26	26	75	0.75	0	0	6/8	1	2	3/16			1/8	3/2		0	84	C6	6	311
26	26	75	3.0	0	0	6/8	1	1	3/4			1/2	3/2	-1	-3	87	Eb6	6	310
26	26	151/2	0.5	1/8	1/8	6/8	2	1	1/8			1/8	1		0	72	C5	5	321
26	26	303/4	0.25	3/16	3/16	6/8	1	2	1/16			1/16	1		1	79	G5	5	312
26	26	76	0.5	1/4	1/4	6/8	2	1	1/8			1/8	1		-5	73	Db5	5	322
26	26	76	0.25	1/4	1/4	6/8	1	2	1/16			1/16	1		-2	82	Bb5	5	313
26	26	305/4	0.25	5/16	5/16	6/8	1	2	1/16			1/16	1		-1	77	F5	5	314
26	26	153/2	0.5	3/8	3/8	6/8	2	1	1/8			1/8	1		-1	65	F4	4	323
26	26	153/2	0.25	3/8	3/8	6/8	1	2	1/16			1/16	1		-4	80	Ab5	5	315
26	26	307/4	0.25	7/16	7/16	6/8	1	2	1/16			1/16	1		-3	75	Eb5	5	316
26	26	77	0.5	1/2	1/2	6/8	2	1	1/8			1/8	1		-4	68	Ab4	4	324
26	26	77	0.25	1/2	1/2	6/8	1	2	1/16			1/16	1		1	79	G5	5	317
26	26	309/4	0.25	9/16	9/16	6/8	1	2	1/16			1/16	1		-5	73	Db5	5	318
26	26	155/2	0.5	5/8	5/8	6/8	2	1	1/8			1/8	1		-2	70	Bb4	4	325
26	26	155/2	0.5	5/8	5/8	6/8	1	2	1/8			1/8	1		-1	77	F5	5	319
27	27	78	0.5	0	0	6/8	2	1	1/8			1/8	1		-4	44	Ab2	2	337
27	27	313/4	0.25	1/16	1/16	6/8	1	1	1/16			1/16	1		-2	70	Bb4	4	326
27	27	157/2	0.5	1/8	1/8	6/8	2	1	1/8			1/8	1		-3	51	Eb3	3	338
27	27	157/2	0.25	1/8	1/8	6/8	1	1	1/16			1/16	1		0	72	C5	5	327
27	27	315/4	0.25	3/16	3/16	6/8	1	1	1/16			1/16	1		-3	75	Eb5	5	328
27	27	79	0.5	1/4	1/4	6/8	2	1	1/8			1/8	1		0	60	C4	4	339
27	27	79	0.25	1/4	1/4	6/8	1	1	1/16			1/16	1		-1	77	F5	5	329
27	27	317/4	0.25	5/16	5/16	6/8	1	1	1/16			1/16	1		1	79	G5	5	330
27	27	159/2	0.5	3/8	3/8	6/8	2	1	1/8			1/8	1		-5	61	Db4	4	340
27	27	159/2	1.5	3/8	3/8	6/8	2	2	3/8			1/4	3/2	1	-5	61	Db4	4	343
27	27	159/2	0.25	3/8	3/8	6/8	1	1	1/16			1/16	1		-2	82	Bb5	5	331
27	27	319/4	0.25	7/16	7/16	6/8	1	1	1/16			1/16	1		0	84	C6	6	332
27	27	80	0.5	1/2	1/2	6/8	2	1	1/8			1/8	1		-1	65	F4	4	341
27	27	80	1.0	1/2	1/2	6/8	2	3	1/4			1/4	1	1	-1	65	F4	4	344
27	27	80	0.25	1/2	1/2	6/8	1	1	1/16			1/16	1		-5	85	Db6	6	333
27	27	321/4	0.25	9/16	9/16	6/8	1	1	1/16			1/16	1		-1	89	F6	6	334
27	27	161/2	0.5	5/8	5/8	6/8	2	1	1/8			1/8	1	1	-2	70	Bb4	4	342
27	27	161/2	0.25	5/8	5/8	6/8	1	1	1/16			1/16	1		1	91	G6	6	335
27	27	323/4	0.25	11/16	11/16	6/8	1	1	1/16			1/16	1		-1	89	F6	6	336
28	28	81	1.5	0	0	6/8	2	1	3/8			1/4	3/2	-1	-5	61	Db4	4	354
28	28	81	1.5	0	0	6/8	2	1	3/8			1/4	3/2	-1	-1	65	F4	4	354
28	28	81	1.5	0	0	6/8	2	1	3/8			1/4	3/2	-1	-2	70	Bb4	4	354
28	28	81	1.5	0	0	6/8	2	1	3/8			1/4	3/2		-3	75	Eb5	5	354
28	28	81	0.25	0	0	6/8	1	1	1/16			1/16	1		-5	85	Db6	6	345
28	28	325/4	0.25	1/16	1/16	6/8	1	1	1/16			1/16	1		0	84	C6	6	346
28	28	163/2	0.25	1/8	1/8	6/8	1	1	1/16			1/16	1		-2	82	Bb5	5	347
28	28	327/4	0.25	3/16	3/16	6/8	1	1	1/16			1/16	1		1	79	G5	5	348
28	28	82	0.25	1/4	1/4	6/8	1	1	1/16			1/16	1		-1	77	F5	5	349
28	28	329/4	0.25	5/16	5/16	6/8	1	1	1/16			1/16	1		-3	75	Eb5	5	350
28	28	165/2	0.75	3/8	3/8	6/8	1	1	3/16			1/8	3/2		0	72	C5	5	351
28	28	83	0.5	1/2	1/2	6/8	2	1	1/8			1/8	1		-3	51	Eb3	3	355
28	28	333/4	0.25	9/16	9/16	6/8	1	1	1/16			1/16	1		-3	75	Eb5	5	352
28	28	167/2	0.5	5/8	5/8	6/8	2	1	1/8			1/8	1		-5	61	Db4	4	356
28	28	167/2	0.5	5/8	5/8	6/8	2	1	1/8			1/8	1		1	67	G4	4	356
28	28	167/2	0.5	5/8	5/8	6/8	1	1	1/8			1/8	1		-2	70	Bb4	4	353
29	29	84	0.5	0	0	6/8	2	1	1/8			1/8	1		-4	44	Ab2	2	368
29	29	337/4	0.25	1/16	1/16	6/8	1	1	1/16			1/16	1		-2	70	Bb4	4	357
29	29	169/2	0.5	1/8	1/8	6/8	2	1	1/8			1/8	1		-3	51	Eb3	3	369
29	29	169/2	0.25	1/8	1/8	6/8	1	1	1/16			1/16	1		0	72	C5	5	358
29	29	339/4	0.25	3/16	3/16	6/8	1	1	1/16			1/16	1		-3	75	Eb5	5	359
29	29	85	0.5	1/4	1/4	6/8	2	1	1/8			1/8	1		0	60	C4	4	370
29	29	85	0.25	1/4	1/4	6/8	1	1	1/16			1/16	1		-1	77	F5	5	360
29	29	341/4	0.25	5/16	5/16	6/8	1	1	1/16			1/16	1		-6	78	Gb5	5	361
29	29	171/2	0.5	3/8	3/8	6/8	2	1	1/8			1/8	1		-5	61	Db4	4	371
29	29	171/2	0.25	3/8	3/8	6/8	1	1	1/16			1/16	1		-2	70	Bb4	4	362
29	29	343/4	0.25	7/16	7/16	6/8	1	1	1/16			1/16	1		0	72	C5	5	363
29	29	86	0.5	1/2	1/2	6/8	2	1	1/8			1/8	1		-6	66	Gb4	4	372
29	29	86	0.25	1/2	1/2	6/8	1	1	1/16			1/16	1		-3	75	Eb5	5	364
29	29	345/4	0.25	9/16	9/16	6/8	1	1	1/16			1/16	1		-1	77	F5	5	365
29	29	173/2	0.5	5/8	5/8	6/8	2	1	1/8			1/8	1		-2	70	Bb4	4	373
29	29	173/2	0.25	5/8	5/8	6/8	1	1	1/16			1/16	1		-6	78	Gb5	5	366
29	29	347/4	0.25	11/16	11/16	6/8	1	1	1/16			1/16	1		-2	82	Bb5	5	367
30	30	87	0.5	0	0	6/8	2	1	1/8			1/8	1		-3	75	Eb5	5	386
30	30	87	0.25	0	0	6/8	1	1	1/16			1/16	1		0	84	C6	6	374
30	30	349/4	0.25	1/16	1/16	6/8	1	1	1/16			1/16	1		-2	82	Bb5	5	375
30	30	175/2	0.5	1/8	1/8	6/8	2	1	1/8			1/8	1		-2	70	Bb4	4	387
30	30	175/2	0.25	1/8	1/8	6/8	1	1	1/16			1/16	1		-6	78	Gb5	5	376
30	30	351/4	0.25	3/16	3/16	6/8	1	1	1/16			1/16	1		-1	77	F5	5	377
30	30	88	0.5	1/4	1/4	6/8	2	1	1/8			1/8	1		-6	66	Gb4	4	388
30	30	88	0.25	1/4	1/4	6/8	1	1	1/16			1/16	1		-3	75	Eb5	5	378
30	30	353/4	0.25	5/16	5/16	6/8	1	1	1/16			1/16	1		0	72	C5	5	379
30	30	177/2	0.5	3/8	3/8	6/8	2	1	1/8			1/8	1		-5	61	Db4	4	389
30	30	177/2	0.25	3/8	3/8	6/8	1	1	1/16			1/16	1		-2	82	Bb5	5	380
30	30	355/4	0.25	7/16	7/16	6/8	1	1	1/16			1/16	1		-6	78	Gb5	5	381
30	30	89	0.5	1/2	1/2	6/8	2	1	1/8			1/8	1		0	60	C4	4	390
30	30	89	0.25	1/2	1/2	6/8	1	1	1/16			1/16	1		-1	77	F5	5	382
30	30	357/4	0.25	9/16	9/16	6/8	1	1	1/16			1/16	1		-3	75	Eb5	5	383
30	30	179/2	0.5	5/8	5/8	6/8	2	1	1/8			1/8	1		-4	56	Ab3	3	391
30	30	179/2	0.25	5/8	5/8	6/8	1	1	1/16			1/16	1		0	72	C5	5	384
30	30	359/4	0.25	11/16	11/16	6/8	1	1	1/16			1/16	1		-2	70	Bb4	4	385
31	31	90	0.5	0	0	6/8	2	1	1/8			1/8	1		-5	49	Db3	3	403
31	31	361/4	0.25	1/16	1/16	6/8	1	1	1/16			1/16	1		-4	68	Ab4	4	392
31	31	181/2	0.5	1/8	1/8	6/8	2	1	1/8			1/8	1		-4	56	Ab3	3	404
31	31	181/2	0.25	1/8	1/8	6/8	1	1	1/16			1/16	1		-5	73	Db5	5	393
31	31	363/4	0.25	3/16	3/16	6/8	1	1	1/16			1/16	1		-1	77	F5	5	394
31	31	91	0.5	1/4	1/4	6/8	2	1	1/8			1/8	1		-5	61	Db4	4	405
31	31	91	0.5	1/4	1/4	6/8	2	1	1/8			1/8	1		-1	65	F4	4	405
31	31	91	0.25	1/4	1/4	6/8	1	1	1/16			1/16	1		1	79	G5	5	395
31	31	365/4	0.25	5/16	5/16	6/8	1	1	1/16			1/16	1		-4	80	Ab5	5	396
31	31	183/2	0.5	3/8	3/8	6/8	2	2	1/8			1/8	1		1	55	G3	3	407
31	31	183/2	0.25	3/8	3/8	6/8	1	1	1/16			1/16	1		0	84	C6	6	397
31	31	367/4	0.25	7/16	7/16	6/8	1	1	1/16			1/16	1		-5	73	Db5	5	398
31	31	92	0.5	1/2	1/2	6/8	2	2	1/8			1/8	1		-5	61	Db4	4	408
31	31	92	1.0	1/2	1/2	6/8	2	1	1/4			1/4	1		-5	61	Db4	4	406
31	31	92	0.25	1/2	1/2	6/8	1	1	1/16			1/16	1		-1	77	F5	5	399
31	31	369/4	0.25	9/16	9/16	6/8	1	1	1/16			1/16	1		-2	82	Bb5	5	400
31	31	185/2	0.5	5/8	5/8	6/8	2	2	1/8			1/8	1		-1	65	F4	4	409
31	31	185/2	0.5	5/8	5/8	6/8	2	2	1/8			1/8	1		-2	70	Bb4	4	409
31	31	185/2	0.25	5/8	5/8	6/8	1	1	1/16			1/16	1		0	84	C6	6	401
31	31	371/4	0.25	11/16	11/16	6/8	1	1	1/16			1/16	1		-5	85	Db6	6	402
32	32	93	0.5	0	0	6/8	2	2	1/8			1/8	1		-1	53	F3	3	424
32	32	93	0.25	0	0	6/8	1	1	1/16			1/16	1		1	79	G5	5	410
32	32	373/4	0.25	1/16	1/16	6/8	1	1	1/16			1/16	1		-4	68	Ab4	4	411
32	32	187/2	0.5	1/8	1/8	6/8	2	2	1/8			1/8	1		-4	56	Ab3	3	425
32	32	187/2	1.0	1/8	1/8	6/8	2	1	1/4			1/4	1		-4	56	Ab3	3	422
32	32	187/2	0.25	1/8	1/8	6/8	1	1	1/16			1/16	1		-5	73	Db5	5	412
32	32	375/4	0.25	3/16	3/16	6/8	1	1	1/16			1/16	1		-1	77	F5	5	413
32	32	94	0.5	1/4	1/4	6/8	2	2	1/8			1/8	1		-5	61	Db4	4	426
32	32	94	0.5	1/4	1/4	6/8	2	2	1/8			1/8	1		-4	68	Ab4	4	426
32	32	94	0.25	1/4	1/4	6/8	1	1	1/16			1/16	1		1	79	G5	5	414
32	32	377/4	0.25	5/16	5/16	6/8	1	1	1/16			1/16	1		-4	80	Ab5	5	415
32	32	189/2	0.5	3/8	3/8	6/8	2	2	1/8			1/8	1		-3	51	Eb3	3	427
32	32	189/2	0.25	3/8	3/8	6/8	1	1	1/16			1/16	1		0	84	C6	6	416
32	32	379/4	0.25	7/16	7/16	6/8	1	1	1/16			1/16	1		-5	73	Db5	5	417
32	32	95	0.5	1/2	1/2	6/8	2	2	1/8			1/8	1		-2	58	Bb3	3	428
32	32	95	1.0	1/2	1/2	6/8	2	1	1/4			1/4	1		-2	58	Bb3	3	423
32	32	95	0.25	1/2	1/2	6/8	1	1	1/16			1/16	1		-1	77	F5	5	418
32	32	381/4	0.25	9/16	9/16	6/8	1	1	1/16			1/16	1		-2	82	Bb5	5	419
32	32	191/2	0.5	5/8	5/8	6/8	2	2	1/8			1/8	1		-5	61	Db4	4	429
32	32	191/2	0.5	5/8	5/8	6/8	2	2	1/8			1/8	1		1	67	G4	4	429
32	32	191/2	0.25	5/8	5/8	6/8	1	1	1/16			1/16	1		0	84	C6	6	420
32	32	383/4	0.25	11/16	11/16	6/8	1	1	1/16			1/16	1		-5	85	Db6	6	421
33	33	96	0.5	0	0	6/8	2	2	1/8			1/8	1		-5	49	Db3	3	440
33	33	96	0.5	0	0	6/8	1	1	1/8			1/8	1		-1	89	F6	6	430
33	33	193/2	0.5	1/8	1/8	6/8	2	2	1/8			1/8	1		-1	53	F3	3	441
33	33	193/2	1.0	1/8	1/8	6/8	2	1	1/4			1/4	1		-1	53	F3	3	438
33	33	193/2	0.5	1/8	1/8	6/8	1	1	1/8			1/8	1		-3	87	Eb6	6	431
33	33	97	0.5	1/4	1/4	6/8	2	2	1/8			1/8	1		-4	56	Ab3	3	442
33	33	97	0.5	1/4	1/4	6/8	2	2	1/8			1/8	1		-1	65	F4	4	442
33	33	97	0.5	1/4	1/4	6/8	1	1	1/8			1/8	1		-5	85	Db6	6	432
33	33	195/2	0.5	3/8	3/8	6/8	2	2	1/8			1/8	1		1	55	G3	3	443
33	33	195/2	0.5	3/8	3/8	6/8	1	1	1/8			1/8	1		0	84	C6	6	433
33	33	98	0.5	1/2	1/2	6/8	2	2	1/8			1/8	1		-5	61	Db4	4	444
33	33	98	1.0	1/2	1/2	6/8	2	1	1/4			1/4	1		-5	61	Db4	4	439
33	33	98	0.25	1/2	1/2	6/8	1	1	1/16			1/16	1		-5	85	Db6	6	434
33	33	393/4	0.25	9/16	9/16	6/8	1	1	1/16			1/16	1		0	84	C6	6	435
33	33	197/2	0.5	5/8	5/8	6/8	2	2	1/8			1/8	1		-1	65	F4	4	445
33	33	197/2	0.5	5/8	5/8	6/8	2	2	1/8			1/8	1		-2	70	Bb4	4	445
33	33	197/2	0.25	5/8	5/8	6/8	1	1	1/16			1/16	1		-2	82	Bb5	5	436
33	33	395/4	0.25	11/16	11/16	6/8	1	1	1/16			1/16	1		0	84	C6	6	437
34	34	99	0.5	0	0	6/8	2	2	1/8			1/8	1		-1	53	F3	3	456
34	34	99	0.5	0	0	6/8	1	1	1/8			1/8	1		-4	80	Ab5	5	446
34	34	199/2	0.5	1/8	1/8	6/8	2	2	1/8			1/8	1		-4	56	Ab3	3	457
34	34	199/2	1.0	1/8	1/8	6/8	2	1	1/4			1/4	1		-4	56	Ab3	3	454
34	34	199/2	0.5	1/8	1/8	6/8	1	1	1/8			1/8	1		-1	77	F5	5	447
34	34	100	0.5	1/4	1/4	6/8	2	2	1/8			1/8	1		-5	61	Db4	4	458
34	34	100	0.5	1/4	1/4	6/8	2	2	1/8			1/8	1		-4	68	Ab4	4	458
34	34	100	0.5	1/4	1/4	6/8	1	1	1/8			1/8	1	1	-2	82	Bb5	5	448
34	34	201/2	0.5	3/8	3/8	6/8	2	2	1/8			1/8	1		-3	51	Eb3	3	459
34	34	201/2	0.5	3/8	3/8	6/8	1	1	1/8			1/8	1	-1	-2	82	Bb5	5	449
34	34	101	0.5	1/2	1/2	6/8	2	2	1/8			1/8	1		-2	58	Bb3	3	460
34	34	101	1.0	1/2	1/2	6/8	2	1	1/4			1/4	1		-2	58	Bb3	3	455
34	34	101	0.25	1/2	1/2	6/8	1	1	1/16			1/16	1		-5	73	Db5	5	450
34	34	405/4	0.25	9/16	9/16	6/8	1	1	1/16			1/16	1		-1	77	F5	5	451
34	34	203/2	0.5	5/8	5/8	6/8	2	2	1/8			1/8	1		-5	61	Db4	4	461
34	34	203/2	0.5	5/8	5/8	6/8	2	2	1/8			1/8	1		1	67	G4	4	461
34	34	203/2	0.25	5/8	5/8	6/8	1	1	1/16			1/16	1		1	79	G5	5	452
34	34	407/4	0.25	11/16	11/16	6/8	1	1	1/16			1/16	1		0	84	C6	6	453
35	35	102	0.5	0	0	6/8	2	2	1/8			1/8	1		-5	49	Db3	3	474
35	35	102	0.5	0	0	6/8	1	1	1/8			1/8	1		-1	77	F5	5	462
35	35	102	0.5	0	0	6/8	1	1	1/8			1/8	1		-4	80	Ab5	5	462
35	35	205/2	0.5	1/8	1/8	6/8	2	2	1/8			1/8	1		-1	53	F3	3	475
35	35	205/2	1.0	1/8	1/8	6/8	2	1	1/4			1/4	1		-1	53	F3	3	472
35	35	411/4	0.25	3/16	3/16	6/8	1	1	1/16			1/16	1		-5	73	Db5	5	463
35	35	103	0.5	1/4	1/4	6/8	2	2	1/8			1/8	1		-4	56	Ab3	3	476
35	35	103	0.5	1/4	1/4	6/8	2	2	1/8			1/8	1		-1	65	F4	4	476
35	35	103	0.25	1/4	1/4	6/8	1	1	1/16			1/16	1		-1	77	F5	5	464
35	35	413/4	0.25	5/16	5/16	6/8	1	1	1/16			1/16	1		-4	80	Ab5	5	465
35	35	207/2	0.5	3/8	3/8	6/8	2	2	1/8			1/8	1		1	55	G3	3	477
35	35	207/2	0.25	3/8	3/8	6/8	1	1	1/16			1/16	1		-2	82	Bb5	5	466
35	35	415/4	0.25	7/16	7/16	6/8	1	1	1/16			1/16	1		0	84	C6	6	467
35	35	104	0.5	1/2	1/2	6/8	2	2	1/8			1/8	1		-5	61	Db4	4	478
35	35	104	1.0	1/2	1/2	6/8	2	1	1/4			1/4	1		-5	61	Db4	4	473
35	35	104	0.25	1/2	1/2	6/8	1	1	1/16			1/16	1		-5	85	Db6	6	468
35	35	417/4	0.25	9/16	9/16	6/8	1	1	1/16			1/16	1		-1	89	F6	6	469
35	35	209/2	0.5	5/8	5/8	6/8	2	2	1/8			1/8	1		-1	65	F4	4	479
35	35	209/2	0.5	5/8	5/8	6/8	2	2	1/8			1/8	1		-2	70	Bb4	4	479
35	35	209/2	0.25	5/8	5/8	6/8	1	1	1/16			1/16	1		1	79	G5	5	470
35	35	419/4	0.25	11/16	11/16	6/8	1	1	1/16			1/16	1		0	84	C6	6	471
36	36	105	0.5	0	0	6/8	2	2	1/8			1/8	1		-1	53	F3	3	492
36	36	105	0.5	0	0	6/8	1	1	1/8			1/8	1		-4	80	Ab5	5	480
36	36	211/2	0.5	1/8	1/8	6/8	2	2	1/8			1/8	1		-4	56	Ab3	3	493
36	36	211/2	1.0	1/8	1/8	6/8	2	1	1/4			1/4	1		-4	56	Ab3	3	490
36	36	423/4	0.25	3/16	3/16	6/8	1	1	1/16			1/16	1		1	79	G5	5	481
36	36	106	0.5	1/4	1/4	6/8	2	2	1/8			1/8	1		-5	61	Db4	4	494
36	36	106	0.5	1/4	1/4	6/8	2	2	1/8			1/8	1		-4	68	Ab4	4	494
36	36	106	0.25	1/4	1/4	6/8	1	1	1/16			1/16	1		-1	77	F5	5	482
36	36	425/4	0.25	5/16	5/16	6/8	1	1	1/16			1/16	1		-5	73	Db5	5	483
36	36	213/2	0.5	3/8	3/8	6/8	2	2	1/8			1/8	1		-3	51	Eb3	3	495
36	36	213/2	0.25	3/8	3/8	6/8	1	1	1/16			1/16	1		0	72	C5	5	484
36	36	427/4	0.25	7/16	7/16	6/8	1	1	1/16			1/16	1		-2	70	Bb4	4	485
36	36	107	0.5	1/2	1/2	6/8	2	2	1/8			1/8	1		-2	58	Bb3	3	496
36	36	107	1.0	1/2	1/2	6/8	2	1	1/4			1/4	1		-2	58	Bb3	3	491
36	36	107	0.25	1/2	1/2	6/8	1	1	1/16			1/16	1		1	67	G4	4	486
36	36	429/4	0.25	9/16	9/16	6/8	1	1	1/16			1/16	1		-1	65	F4	4	487
36	36	215/2	0.25	5/8	5/8	6/8	1	1	1/16			1/16	1		0	60	C4	4	488
36	36	215/2	0.5	5/8	5/8	6/8	2	2	1/8			1/8	1		-5	61	Db4	4	497
36	36	215/2	0.5	5/8	5/8	6/8	2	2	1/8			1/8	1		1	67	G4	4	497
36	36	431/4	0.25	11/16	11/16	6/8	1	1	1/16			1/16	1		-5	61	Db4	4	489
37	37	108	0.5	0	0	6/8	2	2	1/8			1/8	1		-5	49	Db3	3	508
37	37	108	0.5	0	0	6/8	1	1	1/8			1/8	1		1	79	G5	5	498
37	37	217/2	0.5	1/8	1/8	6/8	2	2	1/8			1/8	1		-1	53	F3	3	509
37	37	217/2	1.0	1/8	1/8	6/8	2	1	1/4			1/4	1	1	-1	53	F3	3	506
37	37	435/4	0.25	3/16	3/16	6/8	1	1	1/16			1/16	1		-1	77	F5	5	499
37	37	109	0.5	1/4	1/4	6/8	2	2	1/8			1/8	1		-2	58	Bb3	3	510
37	37	109	0.5	1/4	1/4	6/8	2	2	1/8			1/8	1		-1	65	F4	4	510
37	37	109	0.25	1/4	1/4	6/8	1	1	1/16			1/16	1		-2	70	Bb4	4	500
37	37	437/4	0.25	5/16	5/16	6/8	1	1	1/16			1/16	1		0	72	C5	5	501
37	37	219/2	0.5	3/8	3/8	6/8	2	2	1/8			1/8	1		0	48	C3	3	511
37	37	219/2	1.5	3/8	3/8	6/8	2	1	3/8			1/4	3/2	0	-1	53	F3	3	507
37	37	219/2	0.5	3/8	3/8	6/8	1	1	1/8			1/8	1		1	79	G5	5	502
37	37	110	0.5	1/2	1/2	6/8	2	2	1/8			1/8	1		-1	53	F3	3	512
37	37	441/4	0.25	9/16	9/16	6/8	1	1	1/16			1/16	1		-1	77	F5	5	503
37	37	221/2	0.5	5/8	5/8	6/8	2	2	1/8			1/8	1		-3	63	Eb4	4	513
37	37	221/2	0.25	5/8	5/8	6/8	1	1	1/16			1/16	1		-4	68	Ab4	4	504
37	37	443/4	0.25	11/16	11/16	6/8	1	1	1/16			1/16	1		-2	70	Bb4	4	505
38	38	111	0.5	0	0	6/8	2	2	1/8			1/8	1		-2	46	Bb2	2	523
38	38	111	3.0	0	0	6/8	2	1	3/4			1/2	3/2	-1	-1	53	F3	3	522
38	38	111	0.5	0	0	6/8	1	1	1/8			1/8	1		1	79	G5	5	514
38	38	223/2	0.5	1/8	1/8	6/8	2	2	1/8			1/8	1		-1	53	F3	3	524
38	38	447/4	0.25	3/16	3/16	6/8	1	1	1/16			1/16	1		-1	77	F5	5	515
38	38	112	0.5	1/4	1/4	6/8	2	2	1/8			1/8	1		-5	61	Db4	4	525
38	38	112	0.25	1/4	1/4	6/8	1	1	1/16			1/16	1		1	67	G4	4	516
38	38	449/4	0.25	5/16	5/16	6/8	1	1	1/16			1/16	1		-4	68	Ab4	4	517
38	38	225/2	0.5	3/8	3/8	6/8	2	2	1/8			1/8	1		-4	44	Ab2	2	526
38	38	225/2	0.5	3/8	3/8	6/8	1	1	1/8			1/8	1		1	79	G5	5	518
38	38	113	0.5	1/2	1/2	6/8	2	2	1/8			1/8	1		-1	53	F3	3	527
38	38	453/4	0.25	9/16	9/16	6/8	1	1	1/16			1/16	1		-1	77	F5	5	519
38	38	227/2	0.5	5/8	5/8	6/8	2	2	1/8			1/8	1		0	60	C4	4	528
38	38	227/2	0.25	5/8	5/8	6/8	1	1	1/16			1/16	1		-1	65	F4	4	520
38	38	455/4	0.25	11/16	11/16	6/8	1	1	1/16			1/16	1		-4	68	Ab4	4	521
39	39	114	0.5	0	0	6/8	2	1	1/8			1/8	1		1	43	G2	2	541
39	39	114	3.0	0	0	6/8	2	2	3/4			1/2	3/2		1	43	G2	2	547
39	39	114	0.25	0	0	6/8	1	1	1/16			1/16	1		0	72	C5	5	529
39	39	457/4	0.25	1/16	1/16	6/8	1	1	1/16			1/16	1		-5	61	Db4	4	530
39	39	229/2	0.5	1/8	1/8	6/8	2	1	1/8			1/8	1		-5	49	Db3	3	542
39	39	229/2	0.25	1/8	1/8	6/8	1	1	1/16			1/16	1		-1	65	F4	4	531
39	39	459/4	0.25	3/16	3/16	6/8	1	1	1/16			1/16	1		-2	70	Bb4	4	532
39	39	115	0.5	1/4	1/4	6/8	2	1	1/8			1/8	1		-1	53	F3	3	543
39	39	115	0.25	1/4	1/4	6/8	1	1	1/16			1/16	1		0	72	C5	5	533
39	39	461/4	0.25	5/16	5/16	6/8	1	1	1/16			1/16	1		-5	73	Db5	5	534
39	39	231/2	0.5	3/8	3/8	6/8	2	1	1/8			1/8	1		-2	58	Bb3	3	544
39	39	231/2	0.25	3/8	3/8	6/8	1	1	1/16			1/16	1		1	79	G5	5	535
39	39	463/4	0.25	7/16	7/16	6/8	1	1	1/16			1/16	1		-2	70	Bb4	4	536
39	39	116	0.5	1/2	1/2	6/8	2	1	1/8			1/8	1		-5	61	Db4	4	545
39	39	116	0.25	1/2	1/2	6/8	1	1	1/16			1/16	1		-5	73	Db5	5	537
39	39	465/4	0.25	9/16	9/16	6/8	1	1	1/16			1/16	1		-1	77	F5	5	538
39	39	233/2	0.5	5/8	5/8	6/8	2	1	1/8			1/8	1		-1	65	F4	4	546
39	39	233/2	0.25	5/8	5/8	6/8	1	1	1/16			1/16	1		1	79	G5	5	539
39	39	467/4	0.25	11/16	11/16	6/8	1	1	1/16			1/16	1		-4	80	Ab5	5	540
40	40	117	0.5	0	0	6/8	2	1	1/8			1/8	1		-2	70	Bb4	4	560
40	40	117	0.5	0	0	6/8	2	1	1/8			1/8	1		-5	73	Db5	5	560
40	40	117	0.25	0	0	6/8	1	1	1/16			1/16	1		0	84	C6	6	548
40	40	469/4	0.25	1/16	1/16	6/8	1	1	1/16			1/16	1		-5	73	Db5	5	549
40	40	235/2	0.5	1/8	1/8	6/8	2	1	1/8			1/8	1		-1	65	F4	4	561
40	40	235/2	0.25	1/8	1/8	6/8	1	1	1/16			1/16	1		-1	77	F5	5	550
40	40	471/4	0.25	3/16	3/16	6/8	1	1	1/16			1/16	1		-2	82	Bb5	5	551
40	40	118	0.5	1/4	1/4	6/8	2	1	1/8			1/8	1		-2	70	Bb4	4	562
40	40	118	0.25	1/4	1/4	6/8	1	1	1/16			1/16	1		0	84	C6	6	552
40	40	473/4	0.25	5/16	5/16	6/8	1	1	1/16			1/16	1		-5	85	Db6	6	553
40	40	237/2	0.5	3/8	3/8	6/8	2	1	1/8			1/8	1		-5	73	Db5	5	563
40	40	237/2	0.25	3/8	3/8	6/8	1	1	1/16			1/16	1		1	79	G5	5	554
40	40	475/4	0.25	7/16	7/16	6/8	1	1	1/16			1/16	1		-2	70	Bb4	4	555
40	40	119	0.25	1/2	1/2	6/8	1	1	1/16			1/16	1		-5	73	Db5	5	556
40	40	119	0.5	1/2	1/2	6/8	2	1	1/8			1/8	1		-1	77	F5	5	564
40	40	477/4	0.25	9/16	9/16	6/8	1	1	1/16			1/16	1		-1	77	F5	5	557
40	40	239/2	0.25	5/8	5/8	6/8	1	1	1/16			1/16	1		1	79	G5	5	558
40	40	239/2	0.5	5/8	5/8	6/8	2	1	1/8			1/8	1		-2	82	Bb5	5	565
40	40	479/4	0.25	11/16	11/16	6/8	1	1	1/16			1/16	1		-4	80	Ab5	5	559
41	41	120	0.25	0	0	6/8	1	1	1/16			1/16	1		0	84	C6	6	566
41	41	120	0.5	0	0	6/8	2	1	1/8			1/8	1		-5	85	Db6	6	578
41	41	120	0.5	0	0	6/8	2	1	1/8			1/8	1		-1	89	F6	6	578
41	41	481/4	0.25	1/16	1/16	6/8	1	1	1/16			1/16	1		-2	82	Bb5	5	567
41	41	241/2	0.25	1/8	1/8	6/8	1	1	1/16			1/16	1		0	84	C6	6	568
41	41	241/2	0.5	1/8	1/8	6/8	2	1	1/8			1/8	1		0	84	C6	6	579
41	41	241/2	0.5	1/8	1/8	6/8	2	1	1/8			1/8	1		-3	87	Eb6	6	579
41	41	483/4	0.25	3/16	3/16	6/8	1	1	1/16			1/16	1		-4	80	Ab5	5	569
41	41	121	0.5	1/4	1/4	6/8	2	1	1/8			1/8	1		-2	82	Bb5	5	580
41	41	121	0.25	1/4	1/4	6/8	1	1	1/16			1/16	1		0	84	C6	6	570
41	41	121	0.5	1/4	1/4	6/8	2	1	1/8			1/8	1		-5	85	Db6	6	580
41	41	485/4	0.25	5/16	5/16	6/8	1	1	1/16			1/16	1		1	79	G5	5	571
41	41	243/2	0.5	3/8	3/8	6/8	2	1	1/8			1/8	1		-4	80	Ab5	5	581
41	41	243/2	0.25	3/8	3/8	6/8	1	1	1/16			1/16	1		0	84	C6	6	572
41	41	243/2	0.5	3/8	3/8	6/8	2	1	1/8			1/8	1		0	84	C6	6	581
41	41	487/4	0.25	7/16	7/16	6/8	1	1	1/16			1/16	1		-1	77	F5	5	573
41	41	122	0.5	1/2	1/2	6/8	2	1	1/8			1/8	1		1	79	G5	5	582
41	41	122	0.5	1/2	1/2	6/8	2	1	1/8			1/8	1		-2	82	Bb5	5	582
41	41	122	0.25	1/2	1/2	6/8	1	1	1/16			1/16	1		0	84	C6	6	574
41	41	489/4	0.25	9/16	9/16	6/8	1	1	1/16			1/16	1		-3	75	Eb5	5	575
41	41	245/2	0.5	5/8	5/8	6/8	2	1	1/8			1/8	1		-1	77	F5	5	583
41	41	245/2	0.5	5/8	5/8	6/8	2	1	1/8			1/8	1		-4	80	Ab5	5	583
41	41	245/2	0.25	5/8	5/8	6/8	1	1	1/16			1/16	1		0	84	C6	6	576
41	41	491/4	0.25	11/16	11/16	6/8	1	1	1/16			1/16	1		-5	73	Db5	5	577
42	42	123	0.5	0	0	6/8	2	1	1/8			1/8	1		-3	75	Eb5	5	597
42	42	123	0.5	0	0	6/8	2	1	1/8			1/8	1		1	79	G5	5	597
42	42	123	0.16666666666666666	0	0	6/8	1	1	1/24			1/16	2/3		0	84	C6	6	584
42	42	739/6	0.16666666666666666	1/24	1/24	6/8	1	1	1/24			1/16	2/3		0	72	C5	5	585
42	42	370/3	0.16666666666666666	1/12	1/12	6/8	1	1	1/24			1/16	2/3		0	84	C6	6	586
42	42	247/2	0.16666666666666666	1/8	1/8	6/8	1	1	1/24			1/16	2/3		-2	70	Bb4	4	587
42	42	247/2	0.5	1/8	1/8	6/8	2	1	1/8			1/8	1		-5	73	Db5	5	598
42	42	247/2	0.5	1/8	1/8	6/8	2	1	1/8			1/8	1		-1	77	F5	5	598
42	42	371/3	0.16666666666666666	1/6	1/6	6/8	1	1	1/24			1/16	2/3		0	84	C6	6	588
42	42	743/6	0.16666666666666666	5/24	5/24	6/8	1	1	1/24			1/16	2/3		-2	70	Bb4	4	589
42	42	124	0.5	1/4	1/4	6/8	2	1	1/8			1/8	1		-3	75	Eb5	5	599
42	42	124	0.5	1/4	1/4	6/8	2	1	1/8			1/8	1		1	79	G5	5	599
42	42	124	0.16666666666666666	1/4	1/4	6/8	1	1	1/24			1/16	2/3		0	84	C6	6	590
42	42	745/6	0.16666666666666666	7/24	7/24	6/8	1	1	1/24			1/16	2/3		-2	70	Bb4	4	591
42	42	373/3	0.16666666666666666	1/3	1/3	6/8	1	1	1/24			1/16	2/3		0	84	C6	6	592
42	42	249/2	0.0	3/8	3/8	6/8	1	1	0	grace16after	3/16_c32_2	1/16	1		-2	82	Bb5	5	594
42	42	249/2	0.0	3/8	3/8	6/8	1	1	0	grace16after		1/16	1		-4	80	Ab5	5	595
42	42	249/2	1.5	3/8	3/8	6/8	1	1	3/8		3/16_c32_1	1/4	3/2		-2	70	Bb4	4	593
42	42	249/2	0.5	3/8	3/8	6/8	2	1	1/8			1/8	1		-5	73	Db5	5	600
42	42	249/2	0.5	3/8	3/8	6/8	2	1	1/8			1/8	1		-1	77	F5	5	600
42	42	249/2	1.5	3/8	3/8	6/8	1	1	3/8			1/4	3/2		0	84	C6	6	596
42	42	125	0.5	1/2	1/2	6/8	2	1	1/8			1/8	1		-3	75	Eb5	5	601
42	42	125	0.5	1/2	1/2	6/8	2	1	1/8			1/8	1		1	79	G5	5	601
42	42	251/2	0.5	5/8	5/8	6/8	2	1	1/8			1/8	1		-5	73	Db5	5	602
42	42	251/2	0.5	5/8	5/8	6/8	2	1	1/8			1/8	1		-1	77	F5	5	602
43	43	126	0.5	0	0	6/8	2	1	1/8			1/8	1		0	36	C2	2	608
43	43	126	0.5	0	0	6/8	1	1	1/8			1/8	1		0	84	C6	6	603
43	43	253/2	0.5	1/8	1/8	6/8	2	1	1/8			1/8	1		1	43	G2	2	609
43	43	253/2	1.0	1/8	1/8	6/8	1	1	1/4			1/4	1		-2	82	Bb5	5	604
43	43	253/2	1.0	1/8	1/8	6/8	1	1	1/4			1/4	1		-3	87	Eb6	6	604
43	43	253/2	1.0	1/8	1/8	6/8	1	1	1/4			1/4	1		1	91	G6	6	604
43	43	127	0.5	1/4	1/4	6/8	2	1	1/8			1/8	1		0	48	C3	3	610
43	43	255/2	0.5	3/8	3/8	6/8	2	1	1/8			1/8	1		-5	49	Db3	3	611
43	43	255/2	0.75	3/8	3/8	6/8	1	1	3/16			1/8	3/2		-4	80	Ab5	5	605
43	43	255/2	0.75	3/8	3/8	6/8	1	1	3/16			1/8	3/2		-5	85	Db6	6	605
43	43	255/2	0.75	3/8	3/8	6/8	1	1	3/16			1/8	3/2		-1	89	F6	6	605
43	43	128	0.5	1/2	1/2	6/8	2	1	1/8			1/8	1		-1	53	F3	3	612
43	43	513/4	0.25	9/16	9/16	6/8	1	1	1/16			1/16	1		1	91	G6	6	606
43	43	257/2	0.5	5/8	5/8	6/8	2	1	1/8			1/8	1		1	55	G3	3	613
43	43	257/2	0.5	5/8	5/8	6/8	1	1	1/8			1/8	1		1	79	G5	5	607
43	43	257/2	0.5	5/8	5/8	6/8	1	1	1/8			1/8	1		0	84	C6	6	607
43	43	257/2	0.5	5/8	5/8	6/8	1	1	1/8			1/8	1		-3	87	Eb6	6	607
44	44	129	0.5	0	0	6/8	2	1	1/8			1/8	1		-4	56	Ab3	3	621
44	44	259/2	0.5	1/8	1/8	6/8	2	1	1/8			1/8	1		0	60	C4	4	622
44	44	259/2	0.75	1/8	1/8	6/8	1	1	3/16			1/8	3/2		-1	77	F5	5	614
44	44	259/2	0.75	1/8	1/8	6/8	1	1	3/16			1/8	3/2		-4	80	Ab5	5	614
44	44	259/2	0.75	1/8	1/8	6/8	1	1	3/16			1/8	3/2		-5	85	Db6	6	614
44	44	130	0.5	1/4	1/4	6/8	2	1	1/8			1/8	1		-5	61	Db4	4	623
44	44	521/4	0.25	5/16	5/16	6/8	1	1	1/16			1/16	1		-3	87	Eb6	6	615
44	44	261/2	0.5	3/8	3/8	6/8	2	1	1/8			1/8	1		-1	53	F3	3	624
44	44	261/2	1.0	3/8	3/8	6/8	1	2	1/4			1/4	1		-3	75	Eb5	5	619
44	44	261/2	0.75	3/8	3/8	6/8	1	1	3/16			1/8	3/2		1	79	G5	5	616
44	44	261/2	1.0	3/8	3/8	6/8	1	2	1/4			1/4	1		0	84	C6	6	619
44	44	131	0.5	1/2	1/2	6/8	2	1	1/8			1/8	1		-4	56	Ab3	3	625
44	44	525/4	0.25	9/16	9/16	6/8	1	1	1/16			1/16	1		-4	80	Ab5	5	617
44	44	263/2	0.5	5/8	5/8	6/8	2	1	1/8			1/8	1		-2	58	Bb3	3	626
44	44	263/2	0.5	5/8	5/8	6/8	1	2	1/8			1/8	1		-5	73	Db5	5	620
44	44	263/2	0.5	5/8	5/8	6/8	1	1	1/8			1/8	1		-1	77	F5	5	618
44	44	263/2	0.5	5/8	5/8	6/8	1	2	1/8			1/8	1		-2	82	Bb5	5	620
45	45	132	0.5	0	0	6/8	2	1	1/8			1/8	1		0	36	C2	2	631
45	45	265/2	0.5	1/8	1/8	6/8	2	1	1/8			1/8	1		1	43	G2	2	632
45	45	265/2	1.0	1/8	1/8	6/8	1	1	1/4			1/4	1		1	79	G5	5	627
45	45	265/2	1.0	1/8	1/8	6/8	1	1	1/4			1/4	1		-2	82	Bb5	5	627
45	45	265/2	1.0	1/8	1/8	6/8	1	1	1/4			1/4	1		-3	87	Eb6	6	627
45	45	133	0.5	1/4	1/4	6/8	2	1	1/8			1/8	1		0	48	C3	3	633
45	45	267/2	0.5	3/8	3/8	6/8	2	1	1/8			1/8	1		-5	49	Db3	3	634
45	45	267/2	0.75	3/8	3/8	6/8	1	1	3/16			1/8	3/2		-1	77	F5	5	628
45	45	267/2	0.75	3/8	3/8	6/8	1	1	3/16			1/8	3/2		-4	80	Ab5	5	628
45	45	267/2	0.75	3/8	3/8	6/8	1	1	3/16			1/8	3/2		-5	85	Db6	6	628
45	45	134	0.5	1/2	1/2	6/8	2	1	1/8			1/8	1		-1	53	F3	3	635
45	45	537/4	0.25	9/16	9/16	6/8	1	1	1/16			1/16	1		-3	87	Eb6	6	629
45	45	269/2	0.5	5/8	5/8	6/8	2	1	1/8			1/8	1		1	55	G3	3	636
45	45	269/2	0.5	5/8	5/8	6/8	1	1	1/8			1/8	1		-3	75	Eb5	5	630
45	45	269/2	0.5	5/8	5/8	6/8	1	1	1/8			1/8	1		1	79	G5	5	630
45	45	269/2	0.5	5/8	5/8	6/8	1	1	1/8			1/8	1		0	84	C6	6	630
46	46	135	0.5	0	0	6/8	2	1	1/8			1/8	1		-4	56	Ab3	3	644
46	46	271/2	0.5	1/8	1/8	6/8	2	1	1/8			1/8	1		0	60	C4	4	645
46	46	271/2	0.75	1/8	1/8	6/8	1	1	3/16			1/8	3/2		-5	73	Db5	5	637
46	46	271/2	0.75	1/8	1/8	6/8	1	1	3/16			1/8	3/2		-1	77	F5	5	637
46	46	271/2	0.75	1/8	1/8	6/8	1	1	3/16			1/8	3/2		-2	82	Bb5	5	637
46	46	136	0.5	1/4	1/4	6/8	2	1	1/8			1/8	1		-5	61	Db4	4	646
46	46	545/4	0.25	5/16	5/16	6/8	1	1	1/16			1/16	1		0	84	C6	6	638
46	46	273/2	0.5	3/8	3/8	6/8	2	1	1/8			1/8	1		-1	53	F3	3	647
46	46	273/2	1.0	3/8	3/8	6/8	1	2	1/4			1/4	1		0	72	C5	5	642
46	46	273/2	0.75	3/8	3/8	6/8	1	1	3/16			1/8	3/2		-3	75	Eb5	5	639
46	46	273/2	1.0	3/8	3/8	6/8	1	2	1/4			1/4	1		-4	80	Ab5	5	642
46	46	137	0.5	1/2	1/2	6/8	2	1	1/8			1/8	1		-4	56	Ab3	3	648
46	46	549/4	0.25	9/16	9/16	6/8	1	1	1/16			1/16	1		-1	77	F5	5	640
46	46	275/2	0.5	5/8	5/8	6/8	2	1	1/8			1/8	1		-2	58	Bb3	3	649
46	46	275/2	0.5	5/8	5/8	6/8	1	2	1/8			1/8	1		-2	70	Bb4	4	643
46	46	275/2	0.5	5/8	5/8	6/8	1	1	1/8			1/8	1		-5	73	Db5	5	641
46	46	275/2	0.5	5/8	5/8	6/8	1	2	1/8			1/8	1		1	79	G5	5	643
47	47	138	0.5	0	0	6/8	2	1	1/8			1/8	1		0	36	C2	2	653
47	47	138	1.5	0	0	6/8	1	1	3/8			1/4	3/2	1	0	72	C5	5	650
47	47	138	1.5	0	0	6/8	1	1	3/8			1/4	3/2		-3	75	Eb5	5	650
47	47	138	1.5	0	0	6/8	1	1	3/8			1/4	3/2		0	84	C6	6	650
47	47	277/2	0.5	1/8	1/8	6/8	2	1	1/8			1/8	1		1	43	G2	2	654
47	47	139	0.5	1/4	1/4	6/8	2	1	1/8			1/8	1		0	48	C3	3	655
47	47	279/2	0.5	3/8	3/8	6/8	2	1	1/8			1/8	1		-5	49	Db3	3	656
47	47	279/2	0.75	3/8	3/8	6/8	1	1	3/16			1/8	3/2	-1	0	72	C5	5	651
47	47	140	0.5	1/2	1/2	6/8	2	1	1/8			1/8	1		-1	53	F3	3	657
47	47	561/4	0.75	9/16	9/16	6/8	1	1	3/16			1/8	3/2		-5	61	Db4	4	652
47	47	561/4	0.75	9/16	9/16	6/8	1	1	3/16			1/8	3/2		-1	65	F4	4	652
47	47	561/4	0.75	9/16	9/16	6/8	1	1	3/16			1/8	3/2		-2	70	Bb4	4	652
47	47	281/2	0.5	5/8	5/8	6/8	2	1	1/8			1/8	1		1	55	G3	3	658
48	48	141	0.5	0	0	6/8	2	1	1/8			1/8	1		-4	56	Ab3	3	662
48	48	141	1.5	0	0	6/8	1	1	3/8			1/4	3/2		0	60	C4	4	659
48	48	141	1.5	0	0	6/8	1	1	3/8			1/4	3/2		-3	63	Eb4	4	659
48	48	141	1.5	0	0	6/8	1	1	3/8			1/4	3/2	1	0	72	C5	5	659
48	48	283/2	0.5	1/8	1/8	6/8	2	1	1/8			1/8	1		0	60	C4	4	663
48	48	142	0.5	1/4	1/4	6/8	2	1	1/8			1/8	1		-5	61	Db4	4	664
48	48	285/2	0.5	3/8	3/8	6/8	2	1	1/8			1/8	1		-1	53	F3	3	665
48	48	285/2	0.75	3/8	3/8	6/8	1	1	3/16			1/8	3/2	-1	0	72	C5	5	660
48	48	143	0.5	1/2	1/2	6/8	2	1	1/8			1/8	1		-4	56	Ab3	3	666
48	48	573/4	0.75	9/16	9/16	6/8	1	1	3/16			1/8	3/2		-1	65	F4	4	661
48	48	573/4	0.75	9/16	9/16	6/8	1	1	3/16			1/8	3/2		-4	68	Ab4	4	661
48	48	573/4	0.75	9/16	9/16	6/8	1	1	3/16			1/8	3/2		-2	70	Bb4	4	661
48	48	573/4	0.75	9/16	9/16	6/8	1	1	3/16			1/8	3/2		-5	73	Db5	5	661
48	48	287/2	0.5	5/8	5/8	6/8	2	1	1/8			1/8	1		-2	58	Bb3	3	667
49	49	144	0.5	0	0	6/8	2	1	1/8			1/8	1		0	36	C2	2	671
49	49	144	1.5	0	0	6/8	1	1	3/8			1/4	3/2		-3	63	Eb4	4	668
49	49	144	1.5	0	0	6/8	1	1	3/8			1/4	3/2		1	67	G4	4	668
49	49	144	1.5	0	0	6/8	1	1	3/8			1/4	3/2	1	0	72	C5	5	668
49	49	144	1.5	0	0	6/8	1	1	3/8			1/4	3/2		-3	75	Eb5	5	668
49	49	289/2	0.5	1/8	1/8	6/8	2	1	1/8			1/8	1		1	43	G2	2	672
49	49	145	0.5	1/4	1/4	6/8	2	1	1/8			1/8	1		0	48	C3	3	673
49	49	291/2	0.5	3/8	3/8	6/8	2	1	1/8			1/8	1		-5	49	Db3	3	674
49	49	291/2	0.75	3/8	3/8	6/8	1	1	3/16			1/8	3/2	-1	0	72	C5	5	669
49	49	146	0.5	1/2	1/2	6/8	2	1	1/8			1/8	1		-1	53	F3	3	675
49	49	585/4	0.75	9/16	9/16	6/8	1	1	3/16			1/8	3/2		-5	61	Db4	4	670
49	49	585/4	0.75	9/16	9/16	6/8	1	1	3/16			1/8	3/2		-1	65	F4	4	670
49	49	585/4	0.75	9/16	9/16	6/8	1	1	3/16			1/8	3/2		-2	70	Bb4	4	670
49	49	293/2	0.5	5/8	5/8	6/8	2	1	1/8			1/8	1		1	55	G3	3	676
50	50	147	0.5	0	0	6/8	2	1	1/8			1/8	1		-4	56	Ab3	3	680
50	50	147	1.5	0	0	6/8	1	1	3/8			1/4	3/2		0	60	C4	4	677
50	50	147	1.5	0	0	6/8	1	1	3/8			1/4	3/2		-3	63	Eb4	4	677
50	50	147	1.5	0	0	6/8	1	1	3/8			1/4	3/2		0	72	C5	5	677
50	50	295/2	0.5	1/8	1/8	6/8	2	1	1/8			1/8	1		0	60	C4	4	681
50	50	148	0.5	1/4	1/4	6/8	2	1	1/8			1/8	1		-5	61	Db4	4	682
50	50	297/2	0.5	3/8	3/8	6/8	2	1	1/8			1/8	1		-1	53	F3	3	683
50	50	297/2	0.75	3/8	3/8	6/8	1	1	3/16			1/8	3/2		0	72	C5	5	678
50	50	149	0.5	1/2	1/2	6/8	2	1	1/8			1/8	1		-4	56	Ab3	3	684
50	50	597/4	0.75	9/16	9/16	6/8	1	1	3/16			1/8	3/2		-2	70	Bb4	4	679
50	50	597/4	0.75	9/16	9/16	6/8	1	1	3/16			1/8	3/2		-5	73	Db5	5	679
50	50	597/4	0.75	9/16	9/16	6/8	1	1	3/16			1/8	3/2		-1	77	F5	5	679
50	50	597/4	0.75	9/16	9/16	6/8	1	1	3/16			1/8	3/2		1	79	G5	5	679
50	50	299/2	0.5	5/8	5/8	6/8	2	1	1/8			1/8	1		-2	58	Bb3	3	685
51	51	150	0.5	0	0	6/8	2	1	1/8			1/8	1		0	36	C2	2	694
51	51	150	0.5	0	0	6/8	1	1	1/8			1/8	1		0	72	C5	5	686
51	51	150	0.5	0	0	6/8	1	1	1/8			1/8	1		-3	75	Eb5	5	686
51	51	150	0.5	0	0	6/8	1	1	1/8			1/8	1		0	84	C6	6	686
51	51	301/2	0.5	1/8	1/8	6/8	2	1	1/8			1/8	1		1	43	G2	2	695
51	51	301/2	0.5	1/8	1/8	6/8	1	1	1/8			1/8	1		-2	82	Bb5	5	687
51	51	151	0.5	1/4	1/4	6/8	2	1	1/8			1/8	1		0	48	C3	3	696
51	51	151	0.5	1/4	1/4	6/8	1	1	1/8			1/8	1		-4	80	Ab5	5	688
51	51	303/2	0.5	3/8	3/8	6/8	2	1	1/8			1/8	1		-5	49	Db3	3	697
51	51	303/2	0.5	3/8	3/8	6/8	1	1	1/8			1/8	1		1	79	G5	5	689
51	51	152	0.5	1/2	1/2	6/8	2	1	1/8			1/8	1		-1	53	F3	3	698
51	51	152	0.25	1/2	1/2	6/8	1	1	1/16			1/16	1		-4	80	Ab5	5	690
51	51	609/4	0.25	9/16	9/16	6/8	1	1	1/16			1/16	1		1	79	G5	5	691
51	51	305/2	0.5	5/8	5/8	6/8	2	1	1/8			1/8	1		1	55	G3	3	699
51	51	305/2	0.25	5/8	5/8	6/8	1	1	1/16			1/16	1		-1	77	F5	5	692
51	51	611/4	0.25	11/16	11/16	6/8	1	1	1/16			1/16	1		1	79	G5	5	693
52	52	153	0.5	0	0	6/8	2	1	1/8			1/8	1		-4	56	Ab3	3	708
52	52	153	0.5	0	0	6/8	1	1	1/8			1/8	1		-3	75	Eb5	5	700
52	52	307/2	0.5	1/8	1/8	6/8	2	1	1/8			1/8	1		0	60	C4	4	709
52	52	307/2	0.5	1/8	1/8	6/8	1	1	1/8			1/8	1		0	72	C5	5	701
52	52	154	0.5	1/4	1/4	6/8	2	1	1/8			1/8	1		-5	61	Db4	4	710
52	52	154	0.5	1/4	1/4	6/8	1	1	1/8			1/8	1	1	-1	77	F5	5	702
52	52	309/2	0.5	3/8	3/8	6/8	2	1	1/8			1/8	1		-1	53	F3	3	711
52	52	309/2	0.5	3/8	3/8	6/8	1	1	1/8			1/8	1	-1	-1	77	F5	5	703
52	52	155	0.5	1/2	1/2	6/8	2	1	1/8			1/8	1		-4	56	Ab3	3	712
52	52	155	0.25	1/2	1/2	6/8	1	1	1/16			1/16	1		-2	70	Bb4	4	704
52	52	621/4	0.25	9/16	9/16	6/8	1	1	1/16			1/16	1		0	72	C5	5	705
52	52	311/2	0.5	5/8	5/8	6/8	2	1	1/8			1/8	1		-2	58	Bb3	3	713
52	52	311/2	0.25	5/8	5/8	6/8	1	1	1/16			1/16	1		-5	73	Db5	5	706
52	52	623/4	0.25	11/16	11/16	6/8	1	1	1/16			1/16	1		1	79	G5	5	707
53	53	156	0.5	0	0	6/8	2	1	1/8			1/8	1		0	36	C2	2	722
53	53	156	0.5	0	0	6/8	1	1	1/8			1/8	1		-3	75	Eb5	5	714
53	53	313/2	0.5	1/8	1/8	6/8	2	1	1/8			1/8	1		1	43	G2	2	723
53	53	313/2	0.5	1/8	1/8	6/8	1	1	1/8			1/8	1		0	72	C5	5	715
53	53	157	0.5	1/4	1/4	6/8	2	1	1/8			1/8	1		0	48	C3	3	724
53	53	157	0.5	1/4	1/4	6/8	1	1	1/8			1/8	1	1	-1	77	F5	5	716
53	53	315/2	0.5	3/8	3/8	6/8	2	1	1/8			1/8	1		-5	49	Db3	3	725
53	53	315/2	0.5	3/8	3/8	6/8	1	1	1/8			1/8	1	-1	-1	77	F5	5	717
53	53	158	0.5	1/2	1/2	6/8	2	1	1/8			1/8	1		-1	53	F3	3	726
53	53	158	0.25	1/2	1/2	6/8	1	1	1/16			1/16	1		-2	70	Bb4	4	718
53	53	633/4	0.25	9/16	9/16	6/8	1	1	1/16			1/16	1		0	72	C5	5	719
53	53	317/2	0.5	5/8	5/8	6/8	2	1	1/8			1/8	1		1	55	G3	3	727
53	53	317/2	0.25	5/8	5/8	6/8	1	1	1/16			1/16	1		-5	73	Db5	5	720
53	53	635/4	0.25	11/16	11/16	6/8	1	1	1/16			1/16	1		-4	80	Ab5	5	721
54	54	159	0.5	0	0	6/8	2	1	1/8			1/8	1		-4	56	Ab3	3	736
54	54	159	0.5	0	0	6/8	1	1	1/8			1/8	1		-3	75	Eb5	5	728
54	54	319/2	0.5	1/8	1/8	6/8	2	1	1/8			1/8	1		0	60	C4	4	737
54	54	319/2	0.5	1/8	1/8	6/8	1	1	1/8			1/8	1		0	72	C5	5	729
54	54	160	0.5	1/4	1/4	6/8	2	1	1/8			1/8	1		-5	61	Db4	4	738
54	54	160	0.5	1/4	1/4	6/8	1	1	1/8			1/8	1	1	-1	77	F5	5	730
54	54	321/2	0.5	3/8	3/8	6/8	2	1	1/8			1/8	1		-1	53	F3	3	739
54	54	321/2	0.5	3/8	3/8	6/8	1	1	1/8			1/8	1	-1	-1	77	F5	5	731
54	54	161	0.5	1/2	1/2	6/8	2	1	1/8			1/8	1		-4	56	Ab3	3	740
54	54	161	0.25	1/2	1/2	6/8	1	1	1/16			1/16	1		-2	70	Bb4	4	732
54	54	645/4	0.25	9/16	9/16	6/8	1	1	1/16			1/16	1		0	72	C5	5	733
54	54	323/2	0.5	5/8	5/8	6/8	2	1	1/8			1/8	1		-2	58	Bb3	3	741
54	54	323/2	0.25	5/8	5/8	6/8	1	1	1/16			1/16	1		-5	73	Db5	5	734
54	54	647/4	0.25	11/16	11/16	6/8	1	1	1/16			1/16	1		-2	82	Bb5	5	735
55	55	162	0.5	0	0	6/8	2	1	1/8			1/8	1		0	36	C2	2	757
55	55	162	0.25	0	0	6/8	1	1	1/16			1/16	1		-3	75	Eb5	5	742
55	55	649/4	0.25	1/16	1/16	6/8	1	1	1/16			1/16	1		0	60	C4	4	743
55	55	649/4	1.0	1/16	1/16	6/8	1	2	1/4			1/4	1		0	60	C4	4	754
55	55	325/2	0.5	1/8	1/8	6/8	2	1	1/8			1/8	1		1	43	G2	2	758
55	55	325/2	0.25	1/8	1/8	6/8	1	1	1/16			1/16	1		-3	63	Eb4	4	744
55	55	651/4	0.25	3/16	3/16	6/8	1	1	1/16			1/16	1		-2	70	Bb4	4	745
55	55	163	0.5	1/4	1/4	6/8	2	1	1/8			1/8	1		0	48	C3	3	759
55	55	163	0.25	1/4	1/4	6/8	1	1	1/16			1/16	1		0	72	C5	5	746
55	55	653/4	0.25	5/16	5/16	6/8	1	1	1/16			1/16	1		-5	61	Db4	4	747
55	55	653/4	1.0	5/16	5/16	6/8	1	2	1/4			1/4	1		-5	61	Db4	4	755
55	55	327/2	0.5	3/8	3/8	6/8	2	1	1/8			1/8	1		-5	49	Db3	3	760
55	55	327/2	0.25	3/8	3/8	6/8	1	1	1/16			1/16	1		-1	65	F4	4	748
55	55	655/4	0.25	7/16	7/16	6/8	1	1	1/16			1/16	1		-2	70	Bb4	4	749
55	55	164	0.5	1/2	1/2	6/8	2	1	1/8			1/8	1		-1	53	F3	3	761
55	55	164	0.25	1/2	1/2	6/8	1	1	1/16			1/16	1		0	72	C5	5	750
55	55	657/4	0.25	9/16	9/16	6/8	1	1	1/16			1/16	1		-3	63	Eb4	4	751
55	55	657/4	0.75	9/16	9/16	6/8	1	2	3/16			1/8	3/2	1	-3	63	Eb4	4	756
55	55	329/2	0.5	5/8	5/8	6/8	2	1	1/8			1/8	1		1	55	G3	3	762
55	55	329/2	0.25	5/8	5/8	6/8	1	1	1/16			1/16	1		1	67	G4	4	752
55	55	659/4	0.25	11/16	11/16	6/8	1	1	1/16			1/16	1		-2	70	Bb4	4	753
56	56	165	0.5	0	0	6/8	2	1	1/8			1/8	1		-4	56	Ab3	3	779
56	56	165	0.25	0	0	6/8	1	2	1/16			1/16	1	-1	-3	63	Eb4	4	775
56	56	165	0.25	0	0	6/8	1	1	1/16			1/16	1		0	72	C5	5	763
56	56	661/4	0.25	1/16	1/16	6/8	1	1	1/16			1/16	1		-1	65	F4	4	764
56	56	661/4	1.0	1/16	1/16	6/8	1	2	1/4			1/4	1		-1	65	F4	4	776
56	56	331/2	0.5	1/8	1/8	6/8	2	1	1/8			1/8	1		0	60	C4	4	780
56	56	331/2	0.25	1/8	1/8	6/8	1	1	1/16			1/16	1		-4	68	Ab4	4	765
56	56	663/4	0.25	3/16	3/16	6/8	1	1	1/16			1/16	1		-2	70	Bb4	4	766
56	56	166	0.5	1/4	1/4	6/8	2	1	1/8			1/8	1		-5	61	Db4	4	781
56	56	166	0.25	1/4	1/4	6/8	1	1	1/16			1/16	1		0	72	C5	5	767
56	56	665/4	0.25	5/16	5/16	6/8	1	1	1/16			1/16	1		-3	63	Eb4	4	768
56	56	665/4	1.0	5/16	5/16	6/8	1	2	1/4			1/4	1		-3	63	Eb4	4	777
56	56	333/2	0.5	3/8	3/8	6/8	2	1	1/8			1/8	1		-1	53	F3	3	782
56	56	333/2	0.25	3/8	3/8	6/8	1	1	1/16			1/16	1		1	67	G4	4	769
56	56	667/4	0.25	7/16	7/16	6/8	1	1	1/16			1/16	1		-2	70	Bb4	4	770
56	56	167	0.5	1/2	1/2	6/8	2	1	1/8			1/8	1		-4	56	Ab3	3	783
56	56	167	0.25	1/2	1/2	6/8	1	1	1/16			1/16	1		0	72	C5	5	771
56	56	669/4	0.25	9/16	9/16	6/8	1	1	1/16			1/16	1		-5	61	Db4	4	772
56	56	669/4	0.75	9/16	9/16	6/8	1	2	3/16			1/8	3/2	1	-5	61	Db4	4	778
56	56	335/2	0.5	5/8	5/8	6/8	2	1	1/8			1/8	1		-2	58	Bb3	3	784
56	56	335/2	0.25	5/8	5/8	6/8	1	1	1/16			1/16	1		-1	65	F4	4	773
56	56	671/4	0.25	11/16	11/16	6/8	1	1	1/16			1/16	1		-2	70	Bb4	4	774
57	57	168	0.5	0	0	6/8	2	1	1/8			1/8	1		0	48	C3	3	801
57	57	168	0.25	0	0	6/8	1	2	1/16			1/16	1	-1	-5	61	Db4	4	789
57	57	168	0.25	0	0	6/8	1	1	1/16			1/16	1		0	72	C5	5	785
57	57	673/4	0.25	1/16	1/16	6/8	1	2	1/16			1/16	1		0	72	C5	5	790
57	57	673/4	1.0	1/16	1/16	6/8	1	1	1/4			1/4	1		0	72	C5	5	786
57	57	337/2	0.5	1/8	1/8	6/8	2	1	1/8			1/8	1		1	55	G3	3	802
57	57	337/2	0.25	1/8	1/8	6/8	1	2	1/16			1/16	1		-3	75	Eb5	5	791
57	57	675/4	0.25	3/16	3/16	6/8	1	2	1/16			1/16	1		-2	82	Bb5	5	792
57	57	169	0.5	1/4	1/4	6/8	2	1	1/8			1/8	1		0	60	C4	4	803
57	57	169	0.25	1/4	1/4	6/8	1	2	1/16			1/16	1		0	84	C6	6	793
57	57	677/4	0.25	5/16	5/16	6/8	1	2	1/16			1/16	1		-5	73	Db5	5	794
57	57	677/4	1.0	5/16	5/16	6/8	1	1	1/4			1/4	1		-5	73	Db5	5	787
57	57	339/2	0.5	3/8	3/8	6/8	2	1	1/8			1/8	1		-5	61	Db4	4	804
57	57	339/2	0.25	3/8	3/8	6/8	1	2	1/16			1/16	1		-1	77	F5	5	795
57	57	679/4	0.25	7/16	7/16	6/8	1	2	1/16			1/16	1		-2	82	Bb5	5	796
57	57	170	0.5	1/2	1/2	6/8	2	1	1/8			1/8	1		-1	65	F4	4	805
57	57	170	0.25	1/2	1/2	6/8	1	2	1/16			1/16	1		0	84	C6	6	797
57	57	681/4	0.25	9/16	9/16	6/8	1	2	1/16			1/16	1		-3	75	Eb5	5	798
57	57	681/4	0.75	9/16	9/16	6/8	1	1	3/16			1/8	3/2	1	-3	75	Eb5	5	788
57	57	341/2	0.5	5/8	5/8	6/8	2	1	1/8			1/8	1		1	67	G4	4	806
57	57	341/2	0.25	5/8	5/8	6/8	1	2	1/16			1/16	1		1	79	G5	5	799
57	57	683/4	0.25	11/16	11/16	6/8	1	2	1/16			1/16	1		-2	82	Bb5	5	800
58	58	171	0.5	0	0	6/8	2	1	1/8			1/8	1		-4	68	Ab4	4	823
58	58	171	0.25	0	0	6/8	1	1	1/16			1/16	1	-1	-3	75	Eb5	5	807
58	58	171	0.25	0	0	6/8	1	2	1/16			1/16	1		0	84	C6	6	811
58	58	685/4	0.25	1/16	1/16	6/8	1	2	1/16			1/16	1		-1	77	F5	5	812
58	58	685/4	1.0	1/16	1/16	6/8	1	1	1/4			1/4	1		-1	77	F5	5	808
58	58	343/2	0.5	1/8	1/8	6/8	2	1	1/8			1/8	1		0	72	C5	5	824
58	58	343/2	0.25	1/8	1/8	6/8	1	2	1/16			1/16	1		-4	80	Ab5	5	813
58	58	687/4	0.25	3/16	3/16	6/8	1	2	1/16			1/16	1		-2	82	Bb5	5	814
58	58	172	0.5	1/4	1/4	6/8	2	1	1/8			1/8	1		-5	73	Db5	5	825
58	58	172	0.25	1/4	1/4	6/8	1	2	1/16			1/16	1		0	84	C6	6	815
58	58	689/4	0.25	5/16	5/16	6/8	1	2	1/16			1/16	1		-3	75	Eb5	5	816
58	58	689/4	1.0	5/16	5/16	6/8	1	1	1/4			1/4	1		-3	75	Eb5	5	809
58	58	345/2	0.5	3/8	3/8	6/8	2	1	1/8			1/8	1		-1	65	F4	4	826
58	58	345/2	0.25	3/8	3/8	6/8	1	2	1/16			1/16	1		1	79	G5	5	817
58	58	691/4	0.25	7/16	7/16	6/8	1	2	1/16			1/16	1		-2	82	Bb5	5	818
58	58	173	0.5	1/2	1/2	6/8	2	1	1/8			1/8	1		-4	68	Ab4	4	827
58	58	173	0.25	1/2	1/2	6/8	1	2	1/16			1/16	1		0	84	C6	6	819
58	58	693/4	0.25	9/16	9/16	6/8	1	2	1/16			1/16	1		-5	73	Db5	5	820
58	58	693/4	0.75	9/16	9/16	6/8	1	1	3/16			1/8	3/2	1	-5	73	Db5	5	810
58	58	347/2	0.5	5/8	5/8	6/8	2	1	1/8			1/8	1		-2	70	Bb4	4	828
58	58	347/2	0.25	5/8	5/8	6/8	1	2	1/16			1/16	1		-1	77	F5	5	821
58	58	695/4	0.25	11/16	11/16	6/8	1	2	1/16			1/16	1		-2	82	Bb5	5	822
59	59	174	0.5	0	0	6/8	2	1	1/8			1/8	1		0	60	C4	4	845
59	59	174	0.25	0	0	6/8	1	1	1/16			1/16	1	-1	-5	73	Db5	5	829
59	59	174	0.25	0	0	6/8	1	2	1/16			1/16	1		0	84	C6	6	833
59	59	697/4	0.25	1/16	1/16	6/8	1	2	1/16			1/16	1		0	72	C5	5	834
59	59	697/4	1.0	1/16	1/16	6/8	1	1	1/4			1/4	1		0	72	C5	5	830
59	59	349/2	0.5	1/8	1/8	6/8	2	1	1/8			1/8	1		1	67	G4	4	846
59	59	349/2	0.25	1/8	1/8	6/8	1	2	1/16			1/16	1		-3	75	Eb5	5	835
59	59	699/4	0.25	3/16	3/16	6/8	1	2	1/16			1/16	1		-2	82	Bb5	5	836
59	59	175	0.5	1/4	1/4	6/8	2	1	1/8			1/8	1		0	72	C5	5	847
59	59	175	0.25	1/4	1/4	6/8	1	2	1/16			1/16	1		0	84	C6	6	837
59	59	701/4	0.25	5/16	5/16	6/8	1	2	1/16			1/16	1		-5	73	Db5	5	838
59	59	701/4	1.0	5/16	5/16	6/8	1	1	1/4			1/4	1		-5	73	Db5	5	831
59	59	351/2	0.5	3/8	3/8	6/8	2	1	1/8			1/8	1		-5	73	Db5	5	848
59	59	351/2	0.25	3/8	3/8	6/8	1	2	1/16			1/16	1		-1	77	F5	5	839
59	59	703/4	0.25	7/16	7/16	6/8	1	2	1/16			1/16	1		-2	82	Bb5	5	840
59	59	176	0.5	1/2	1/2	6/8	2	1	1/8			1/8	1		-1	77	F5	5	849
59	59	176	0.25	1/2	1/2	6/8	1	2	1/16			1/16	1		0	84	C6	6	841
59	59	705/4	0.25	9/16	9/16	6/8	1	2	1/16			1/16	1		-3	75	Eb5	5	842
59	59	705/4	0.75	9/16	9/16	6/8	1	1	3/16			1/8	3/2	1	-3	75	Eb5	5	832
59	59	353/2	0.25	5/8	5/8	6/8	1	2	1/16			1/16	1		1	79	G5	5	843
59	59	353/2	0.5	5/8	5/8	6/8	2	1	1/8			1/8	1		1	79	G5	5	850
59	59	707/4	0.25	11/16	11/16	6/8	1	2	1/16			1/16	1		-2	82	Bb5	5	844
60	60	177	0.25	0	0	6/8	1	1	1/16			1/16	1	-1	-3	75	Eb5	5	851
60	60	177	0.5	0	0	6/8	2	1	1/8			1/8	1		-4	80	Ab5	5	867
60	60	177	0.25	0	0	6/8	1	2	1/16			1/16	1		0	84	C6	6	855
60	60	709/4	0.25	1/16	1/16	6/8	1	2	1/16			1/16	1		-1	77	F5	5	856
60	60	709/4	1.0	1/16	1/16	6/8	1	1	1/4			1/4	1		-1	77	F5	5	852
60	60	355/2	0.25	1/8	1/8	6/8	1	2	1/16			1/16	1		-4	80	Ab5	5	857
60	60	355/2	0.5	1/8	1/8	6/8	2	1	1/8			1/8	1		0	84	C6	6	868
60	60	711/4	0.25	3/16	3/16	6/8	1	2	1/16			1/16	1		-2	82	Bb5	5	858
60	60	178	0.25	1/4	1/4	6/8	1	2	1/16			1/16	1		0	84	C6	6	859
60	60	178	0.5	1/4	1/4	6/8	2	1	1/8			1/8	1		-5	85	Db6	6	869
60	60	713/4	0.25	5/16	5/16	6/8	1	2	1/16			1/16	1		-3	75	Eb5	5	860
60	60	713/4	1.0	5/16	5/16	6/8	1	1	1/4			1/4	1		-3	75	Eb5	5	853
60	60	357/2	0.5	3/8	3/8	6/8	2	1	1/8			1/8	1		-1	77	F5	5	870
60	60	357/2	0.25	3/8	3/8	6/8	1	2	1/16			1/16	1		1	79	G5	5	861
60	60	715/4	0.25	7/16	7/16	6/8	1	2	1/16			1/16	1		-2	82	Bb5	5	862
60	60	179	0.5	1/2	1/2	6/8	2	1	1/8			1/8	1		-4	80	Ab5	5	871
60	60	179	0.25	1/2	1/2	6/8	1	2	1/16			1/16	1		0	84	C6	6	863
60	60	717/4	0.25	9/16	9/16	6/8	1	2	1/16			1/16	1		-5	73	Db5	5	864
60	60	717/4	0.75	9/16	9/16	6/8	1	1	3/16			1/8	3/2		-5	73	Db5	5	854
60	60	359/2	0.25	5/8	5/8	6/8	1	2	1/16			1/16	1		-1	77	F5	5	865
60	60	359/2	0.5	5/8	5/8	6/8	2	1	1/8			1/8	1		-2	82	Bb5	5	872
60	60	719/4	0.25	11/16	11/16	6/8	1	2	1/16			1/16	1		-2	82	Bb5	5	866
61	61	180	0.5	0	0	6/8	2	1	1/8			1/8	1		-4	80	Ab5	5	885
61	61	180	0.25	0	0	6/8	1	1	1/16			1/16	1		0	84	C6	6	873
61	61	721/4	0.25	1/16	1/16	6/8	1	1	1/16			1/16	1		-1	77	F5	5	874
61	61	361/2	0.25	1/8	1/8	6/8	1	1	1/16			1/16	1		-4	80	Ab5	5	875
61	61	361/2	0.5	1/8	1/8	6/8	2	1	1/8			1/8	1		0	84	C6	6	886
61	61	723/4	0.25	3/16	3/16	6/8	1	1	1/16			1/16	1		-2	82	Bb5	5	876
61	61	181	0.25	1/4	1/4	6/8	1	1	1/16			1/16	1		0	84	C6	6	877
61	61	181	0.5	1/4	1/4	6/8	2	1	1/8			1/8	1		-5	85	Db6	6	887
61	61	725/4	0.25	5/16	5/16	6/8	1	1	1/16			1/16	1		-3	75	Eb5	5	878
61	61	363/2	0.5	3/8	3/8	6/8	2	1	1/8			1/8	1		-1	77	F5	5	888
61	61	363/2	0.25	3/8	3/8	6/8	1	1	1/16			1/16	1		1	79	G5	5	879
61	61	727/4	0.25	7/16	7/16	6/8	1	1	1/16			1/16	1		-2	82	Bb5	5	880
61	61	182	0.5	1/2	1/2	6/8	2	1	1/8			1/8	1		-4	80	Ab5	5	889
61	61	182	0.25	1/2	1/2	6/8	1	1	1/16			1/16	1		0	84	C6	6	881
61	61	729/4	0.25	9/16	9/16	6/8	1	1	1/16			1/16	1		-5	73	Db5	5	882
61	61	365/2	0.25	5/8	5/8	6/8	1	1	1/16			1/16	1		-1	77	F5	5	883
61	61	365/2	0.5	5/8	5/8	6/8	2	1	1/8			1/8	1		-2	82	Bb5	5	890
61	61	731/4	0.25	11/16	11/16	6/8	1	1	1/16			1/16	1		-2	82	Bb5	5	884
62	62	183	0.5	0	0	6/8	2	1	1/8			1/8	1		-4	80	Ab5	5	903
62	62	183	0.25	0	0	6/8	1	1	1/16			1/16	1		0	84	C6	6	891
62	62	733/4	0.25	1/16	1/16	6/8	1	1	1/16			1/16	1		-1	77	F5	5	892
62	62	367/2	0.25	1/8	1/8	6/8	1	1	1/16			1/16	1		-4	80	Ab5	5	893
62	62	367/2	0.5	1/8	1/8	6/8	2	1	1/8			1/8	1		0	84	C6	6	904
62	62	735/4	0.25	3/16	3/16	6/8	1	1	1/16			1/16	1		-2	82	Bb5	5	894
62	62	184	0.25	1/4	1/4	6/8	1	1	1/16			1/16	1		0	84	C6	6	895
62	62	184	0.5	1/4	1/4	6/8	2	1	1/8			1/8	1		-5	85	Db6	6	905
62	62	737/4	0.25	5/16	5/16	6/8	1	1	1/16			1/16	1		-3	75	Eb5	5	896
62	62	369/2	0.5	3/8	3/8	6/8	2	1	1/8			1/8	1		-1	77	F5	5	906
62	62	369/2	0.25	3/8	3/8	6/8	1	1	1/16			1/16	1		1	79	G5	5	897
62	62	739/4	0.25	7/16	7/16	6/8	1	1	1/16			1/16	1		-2	82	Bb5	5	898
62	62	185	0.5	1/2	1/2	6/8	2	1	1/8			1/8	1		-4	80	Ab5	5	907
62	62	185	0.25	1/2	1/2	6/8	1	1	1/16			1/16	1		0	84	C6	6	899
62	62	741/4	0.25	9/16	9/16	6/8	1	1	1/16			1/16	1		-5	73	Db5	5	900
62	62	371/2	0.25	5/8	5/8	6/8	1	1	1/16			1/16	1		-1	77	F5	5	901
62	62	371/2	0.5	5/8	5/8	6/8	2	1	1/8			1/8	1		-2	82	Bb5	5	908
62	62	743/4	0.25	11/16	11/16	6/8	1	1	1/16			1/16	1		-2	82	Bb5	5	902
63	63	186	0.25	0	0	6/8	1	1	1/16			1/16	1		0	84	C6	6	909
63	63	745/4	0.25	1/16	1/16	6/8	1	1	1/16			1/16	1		-2	82	Bb5	5	910
63	63	373/2	0.25	1/8	1/8	6/8	1	1	1/16			1/16	1		1	79	G5	5	911
63	63	747/4	0.25	3/16	3/16	6/8	1	1	1/16			1/16	1		-1	77	F5	5	912
63	63	187	0.25	1/4	1/4	6/8	1	1	1/16			1/16	1		-3	75	Eb5	5	913
63	63	749/4	0.25	5/16	5/16	6/8	1	1	1/16			1/16	1		-5	73	Db5	5	914
63	63	375/2	0.25	3/8	3/8	6/8	1	1	1/16			1/16	1		0	72	C5	5	915
63	63	751/4	0.25	7/16	7/16	6/8	1	1	1/16			1/16	1		-2	70	Bb4	4	916
63	63	188	0.25	1/2	1/2	6/8	1	1	1/16			1/16	1		1	67	G4	4	917
63	63	753/4	0.25	9/16	9/16	6/8	1	1	1/16			1/16	1		-1	65	F4	4	918
63	63	377/2	0.5	5/8	5/8	6/8	2	1	1/8			1/8	1	1	1	31	G1	1	921
63	63	377/2	0.5	5/8	5/8	6/8	2	1	1/8			1/8	1	1	1	43	G2	2	921
63	63	377/2	0.25	5/8	5/8	6/8	1	1	1/16			1/16	1		-3	63	Eb4	4	919
63	63	755/4	0.25	11/16	11/16	6/8	1	1	1/16			1/16	1		-5	61	Db4	4	920
64	64	189	1.5	0	0	6/8	2	1	3/8			1/4	3/2	-1	1	31	G1	1	934
64	64	189	1.5	0	0	6/8	2	1	3/8			1/4	3/2	-1	1	43	G2	2	934
64	64	189	1.5	0	0	6/8	2	1	3/8			1/4	3/2		-5	49	Db3	3	934
64	64	189	1.5	0	0	6/8	2	1	3/8			1/4	3/2		-1	53	F3	3	934
64	64	189	1.5	0	0	6/8	2	1	3/8			1/4	3/2		-2	58	Bb3	3	934
64	64	189	1.5	0	0	6/8	2	1	3/8			1/4	3/2		-3	63	Eb4	4	934
64	64	189	0.25	0	0	6/8	1	1	1/16			1/16	1		0	72	C5	5	922
64	64	757/4	0.25	1/16	1/16	6/8	1	1	1/16			1/16	1		-2	70	Bb4	4	923
64	64	379/2	0.25	1/8	1/8	6/8	1	1	1/16			1/16	1		1	67	G4	4	924
64	64	759/4	0.25	3/16	3/16	6/8	1	1	1/16			1/16	1		-1	65	F4	4	925
64	64	190	0.25	1/4	1/4	6/8	1	1	1/16			1/16	1		-3	63	Eb4	4	926
64	64	761/4	0.25	5/16	5/16	6/8	1	1	1/16			1/16	1		-5	61	Db4	4	927
64	64	381/2	0.25	3/8	3/8	6/8	1	1	1/16			1/16	1		0	60	C4	4	928
64	64	763/4	0.25	7/16	7/16	6/8	1	1	1/16			1/16	1		-2	58	Bb3	3	929
64	64	191	0.25	1/2	1/2	6/8	1	1	1/16			1/16	1		1	55	G3	3	930
64	64	765/4	0.25	9/16	9/16	6/8	1	1	1/16			1/16	1		-1	53	F3	3	931
64	64	383/2	0.25	5/8	5/8	6/8	1	1	1/16			1/16	1		-3	51	Eb3	3	932
64	64	767/4	0.25	11/16	11/16	6/8	1	1	1/16			1/16	1		-5	49	Db3	3	933
65	65	192	1.5	0	0	6/8	1	1	3/8			1/4	3/2		0	48	C3	3	935
65	65	385/2	0.5	1/8	1/8	6/8	2	1	1/8			1/8	1		0	36	C2	2	939
65	65	193	0.5	1/4	1/4	6/8	2	1	1/8			1/8	1		1	43	G2	2	940
65	65	387/2	0.5	3/8	3/8	6/8	1	1	1/8			1/8	1		-3	51	Eb3	3	936
65	65	194	0.5	1/2	1/2	6/8	1	1	1/8			1/8	1		0	60	C4	4	937
65	65	389/2	0.5	5/8	5/8	6/8	1	1	1/8			1/8	1		-3	51	Eb3	3	938
66	66	195	0.5	0	0	6/8	1	1	1/8			1/8	1		0	60	C4	4	941
66	66	391/2	0.5	1/8	1/8	6/8	1	1	1/8			1/8	1		-3	63	Eb4	4	942
66	66	196	0.5	1/4	1/4	6/8	1	1	1/8			1/8	1		0	72	C5	5	943
66	66	393/2	0.5	3/8	3/8	6/8	1	1	1/8			1/8	1		1	55	G3	3	944
66	66	197	0.5	1/2	1/2	6/8	1	1	1/8			1/8	1		-3	63	Eb4	4	945
66	66	395/2	0.5	5/8	5/8	6/8	1	1	1/8			1/8	1		-3	87	Eb6	6	946
67	67	198	3.0	0	0	6/8	1	1	3/4			1/2	3/2		0	96	C7	7	947
